#,Event UUID,Title,Subtitle,Discipline,Competition,Stage,Group #,Time,Performance #,Ranked,Rank,Mark Total,Team,Team Rank,Team Mark,Code,Athlete #,External ID,Surname,Given PanelName,Representing,Date of Birth,Sex,Routine #,Mark,# Elements,Bonus,Penalty,Judge,∑,S1,S2,S3,S4,S5,S6,S7,S8,S9,S10,L,A
1,a4166950-054f-4ddc-623e-3803c53030a6,TCI #1 2023 Masters,,TRA,Masters Over 40's Novice Individual Trampoline,Qualification,1,,1,TRUE,1,52900,0,99,0,,1,0,Glanville,Nicci,Dynamic Gymnastics Sports,01/01/0001,,1,26100,10,0,0,E1,84,1,1,0,1,2,2,1,1,3,4,,
2,a4166950-054f-4ddc-623e-3803c53030a6,TCI #1 2023 Masters,,TRA,Masters Over 40's Novice Individual Trampoline,Qualification,1,,1,TRUE,1,52900,0,99,0,,1,0,Glanville,Nicci,Dynamic Gymnastics Sports,01/01/0001,,1,26100,10,0,0,E2,78,2,2,2,1,2,2,2,2,3,4,,
3,a4166950-054f-4ddc-623e-3803c53030a6,TCI #1 2023 Masters,,TRA,Masters Over 40's Novice Individual Trampoline,Qualification,1,,1,TRUE,1,52900,0,99,0,,1,0,Glanville,Nicci,Dynamic Gymnastics Sports,01/01/0001,,1,26100,10,0,0,E3,76,2,2,2,2,2,2,2,2,3,5,,
4,a4166950-054f-4ddc-623e-3803c53030a6,TCI #1 2023 Masters,,TRA,Masters Over 40's Novice Individual Trampoline,Qualification,1,,1,TRUE,1,52900,0,99,0,,1,0,Glanville,Nicci,Dynamic Gymnastics Sports,01/01/0001,,1,26100,10,0,0,E4,76,2,2,2,2,2,2,2,2,3,5,,
5,a4166950-054f-4ddc-623e-3803c53030a6,TCI #1 2023 Masters,,TRA,Masters Over 40's Novice Individual Trampoline,Qualification,1,,1,TRUE,1,52900,0,99,0,,1,0,Glanville,Nicci,Dynamic Gymnastics Sports,01/01/0001,,1,26100,10,0,0,E5,100,,,,,,,,,,,,
6,a4166950-054f-4ddc-623e-3803c53030a6,TCI #1 2023 Masters,,TRA,Masters Over 40's Novice Individual Trampoline,Qualification,1,,1,TRUE,1,52900,0,99,0,,1,0,Glanville,Nicci,Dynamic Gymnastics Sports,01/01/0001,,1,26100,10,0,0,E8,100,,,,,,,,,,,,
7,a4166950-054f-4ddc-623e-3803c53030a6,TCI #1 2023 Masters,,TRA,Masters Over 40's Novice Individual Trampoline,Qualification,1,,1,TRUE,1,52900,0,99,0,,1,0,Glanville,Nicci,Dynamic Gymnastics Sports,01/01/0001,,1,26100,10,0,0,E∑,154,4,4,4,3,4,4,4,4,6,9,0,0
8,a4166950-054f-4ddc-623e-3803c53030a6,TCI #1 2023 Masters,,TRA,Masters Over 40's Novice Individual Trampoline,Qualification,1,,1,TRUE,1,52900,0,99,0,,1,0,Glanville,Nicci,Dynamic Gymnastics Sports,01/01/0001,,1,26100,10,0,0,T,0,,,,,,,,,,,,
9,a4166950-054f-4ddc-623e-3803c53030a6,TCI #1 2023 Masters,,TRA,Masters Over 40's Novice Individual Trampoline,Qualification,1,,1,TRUE,1,52900,0,99,0,,1,0,Glanville,Nicci,Dynamic Gymnastics Sports,01/01/0001,,1,26100,10,0,0,D,8,0,,,,,,,,,,,
10,a4166950-054f-4ddc-623e-3803c53030a6,TCI #1 2023 Masters,,TRA,Masters Over 40's Novice Individual Trampoline,Qualification,1,,1,TRUE,1,52900,0,99,0,,1,0,Glanville,Nicci,Dynamic Gymnastics Sports,01/01/0001,,1,26100,10,0,0,H,990,990,0,,,,,,,,,,
11,a4166950-054f-4ddc-623e-3803c53030a6,TCI #1 2023 Masters,,TRA,Masters Over 40's Novice Individual Trampoline,Qualification,1,,1,TRUE,1,52900,0,99,0,,1,0,Glanville,Nicci,Dynamic Gymnastics Sports,01/01/0001,,2,26800,10,0,0,E1,88,0,0,0,1,2,3,1,1,2,2,,
12,a4166950-054f-4ddc-623e-3803c53030a6,TCI #1 2023 Masters,,TRA,Masters Over 40's Novice Individual Trampoline,Qualification,1,,1,TRUE,1,52900,0,99,0,,1,0,Glanville,Nicci,Dynamic Gymnastics Sports,01/01/0001,,2,26800,10,0,0,E2,80,2,2,2,1,2,2,3,2,2,2,,
13,a4166950-054f-4ddc-623e-3803c53030a6,TCI #1 2023 Masters,,TRA,Masters Over 40's Novice Individual Trampoline,Qualification,1,,1,TRUE,1,52900,0,99,0,,1,0,Glanville,Nicci,Dynamic Gymnastics Sports,01/01/0001,,2,26800,10,0,0,E3,79,2,2,2,2,2,2,2,2,2,3,,
14,a4166950-054f-4ddc-623e-3803c53030a6,TCI #1 2023 Masters,,TRA,Masters Over 40's Novice Individual Trampoline,Qualification,1,,1,TRUE,1,52900,0,99,0,,1,0,Glanville,Nicci,Dynamic Gymnastics Sports,01/01/0001,,2,26800,10,0,0,E4,80,2,1,1,2,2,2,2,3,2,3,,
15,a4166950-054f-4ddc-623e-3803c53030a6,TCI #1 2023 Masters,,TRA,Masters Over 40's Novice Individual Trampoline,Qualification,1,,1,TRUE,1,52900,0,99,0,,1,0,Glanville,Nicci,Dynamic Gymnastics Sports,01/01/0001,,2,26800,10,0,0,E5,100,,,,,,,,,,,,
16,a4166950-054f-4ddc-623e-3803c53030a6,TCI #1 2023 Masters,,TRA,Masters Over 40's Novice Individual Trampoline,Qualification,1,,1,TRUE,1,52900,0,99,0,,1,0,Glanville,Nicci,Dynamic Gymnastics Sports,01/01/0001,,2,26800,10,0,0,E8,100,,,,,,,,,,,,
17,a4166950-054f-4ddc-623e-3803c53030a6,TCI #1 2023 Masters,,TRA,Masters Over 40's Novice Individual Trampoline,Qualification,1,,1,TRUE,1,52900,0,99,0,,1,0,Glanville,Nicci,Dynamic Gymnastics Sports,01/01/0001,,2,26800,10,0,0,E∑,162,4,3,3,3,4,4,4,4,4,5,0,0
18,a4166950-054f-4ddc-623e-3803c53030a6,TCI #1 2023 Masters,,TRA,Masters Over 40's Novice Individual Trampoline,Qualification,1,,1,TRUE,1,52900,0,99,0,,1,0,Glanville,Nicci,Dynamic Gymnastics Sports,01/01/0001,,2,26800,10,0,0,T,0,,,,,,,,,,,,
19,a4166950-054f-4ddc-623e-3803c53030a6,TCI #1 2023 Masters,,TRA,Masters Over 40's Novice Individual Trampoline,Qualification,1,,1,TRUE,1,52900,0,99,0,,1,0,Glanville,Nicci,Dynamic Gymnastics Sports,01/01/0001,,2,26800,10,0,0,D,8,0,,,,,,,,,,,
20,a4166950-054f-4ddc-623e-3803c53030a6,TCI #1 2023 Masters,,TRA,Masters Over 40's Novice Individual Trampoline,Qualification,1,,1,TRUE,1,52900,0,99,0,,1,0,Glanville,Nicci,Dynamic Gymnastics Sports,01/01/0001,,2,26800,10,0,0,H,980,980,0,,,,,,,,,,
21,a4166950-054f-4ddc-623e-3803c53030a6,TCI #1 2023 Masters,,TRA,Masters Over 40's Novice Individual Trampoline,Qualification,1,,2,TRUE,2,52200,0,99,0,,1,0,Stanley,Michelle,Dynamic Gymnastics Sports,01/01/0001,,1,26200,10,0,0,E1,84,0,0,1,2,2,3,1,1,3,3,,
22,a4166950-054f-4ddc-623e-3803c53030a6,TCI #1 2023 Masters,,TRA,Masters Over 40's Novice Individual Trampoline,Qualification,1,,2,TRUE,2,52200,0,99,0,,1,0,Stanley,Michelle,Dynamic Gymnastics Sports,01/01/0001,,1,26200,10,0,0,E2,78,2,2,2,1,2,3,2,2,3,3,,
23,a4166950-054f-4ddc-623e-3803c53030a6,TCI #1 2023 Masters,,TRA,Masters Over 40's Novice Individual Trampoline,Qualification,1,,2,TRUE,2,52200,0,99,0,,1,0,Stanley,Michelle,Dynamic Gymnastics Sports,01/01/0001,,1,26200,10,0,0,E3,74,2,2,2,2,3,3,2,2,3,4,1,
24,a4166950-054f-4ddc-623e-3803c53030a6,TCI #1 2023 Masters,,TRA,Masters Over 40's Novice Individual Trampoline,Qualification,1,,2,TRUE,2,52200,0,99,0,,1,0,Stanley,Michelle,Dynamic Gymnastics Sports,01/01/0001,,1,26200,10,0,0,E4,75,1,1,2,3,3,2,2,2,3,4,2,
25,a4166950-054f-4ddc-623e-3803c53030a6,TCI #1 2023 Masters,,TRA,Masters Over 40's Novice Individual Trampoline,Qualification,1,,2,TRUE,2,52200,0,99,0,,1,0,Stanley,Michelle,Dynamic Gymnastics Sports,01/01/0001,,1,26200,10,0,0,E5,100,,,,,,,,,,,,
26,a4166950-054f-4ddc-623e-3803c53030a6,TCI #1 2023 Masters,,TRA,Masters Over 40's Novice Individual Trampoline,Qualification,1,,2,TRUE,2,52200,0,99,0,,1,0,Stanley,Michelle,Dynamic Gymnastics Sports,01/01/0001,,1,26200,10,0,0,E8,100,,,,,,,,,,,,
27,a4166950-054f-4ddc-623e-3803c53030a6,TCI #1 2023 Masters,,TRA,Masters Over 40's Novice Individual Trampoline,Qualification,1,,2,TRUE,2,52200,0,99,0,,1,0,Stanley,Michelle,Dynamic Gymnastics Sports,01/01/0001,,1,26200,10,0,0,E∑,153,3,3,4,4,5,6,4,4,6,7,1,0
28,a4166950-054f-4ddc-623e-3803c53030a6,TCI #1 2023 Masters,,TRA,Masters Over 40's Novice Individual Trampoline,Qualification,1,,2,TRUE,2,52200,0,99,0,,1,0,Stanley,Michelle,Dynamic Gymnastics Sports,01/01/0001,,1,26200,10,0,0,T,0,,,,,,,,,,,,
29,a4166950-054f-4ddc-623e-3803c53030a6,TCI #1 2023 Masters,,TRA,Masters Over 40's Novice Individual Trampoline,Qualification,1,,2,TRUE,2,52200,0,99,0,,1,0,Stanley,Michelle,Dynamic Gymnastics Sports,01/01/0001,,1,26200,10,0,0,D,11,0,,,,,,,,,,,
30,a4166950-054f-4ddc-623e-3803c53030a6,TCI #1 2023 Masters,,TRA,Masters Over 40's Novice Individual Trampoline,Qualification,1,,2,TRUE,2,52200,0,99,0,,1,0,Stanley,Michelle,Dynamic Gymnastics Sports,01/01/0001,,1,26200,10,0,0,H,980,980,0,,,,,,,,,,
31,a4166950-054f-4ddc-623e-3803c53030a6,TCI #1 2023 Masters,,TRA,Masters Over 40's Novice Individual Trampoline,Qualification,1,,2,TRUE,2,52200,0,99,0,,1,0,Stanley,Michelle,Dynamic Gymnastics Sports,01/01/0001,,2,26000,10,0,0,E1,83,0,0,1,2,1,1,2,3,3,3,1,
32,a4166950-054f-4ddc-623e-3803c53030a6,TCI #1 2023 Masters,,TRA,Masters Over 40's Novice Individual Trampoline,Qualification,1,,2,TRUE,2,52200,0,99,0,,1,0,Stanley,Michelle,Dynamic Gymnastics Sports,01/01/0001,,2,26000,10,0,0,E2,78,2,2,2,2,1,2,2,2,3,4,,
33,a4166950-054f-4ddc-623e-3803c53030a6,TCI #1 2023 Masters,,TRA,Masters Over 40's Novice Individual Trampoline,Qualification,1,,2,TRUE,2,52200,0,99,0,,1,0,Stanley,Michelle,Dynamic Gymnastics Sports,01/01/0001,,2,26000,10,0,0,E3,78,2,2,2,2,2,2,2,2,2,3,1,
34,a4166950-054f-4ddc-623e-3803c53030a6,TCI #1 2023 Masters,,TRA,Masters Over 40's Novice Individual Trampoline,Qualification,1,,2,TRUE,2,52200,0,99,0,,1,0,Stanley,Michelle,Dynamic Gymnastics Sports,01/01/0001,,2,26000,10,0,0,E4,74,2,2,2,2,2,2,3,3,4,3,1,
35,a4166950-054f-4ddc-623e-3803c53030a6,TCI #1 2023 Masters,,TRA,Masters Over 40's Novice Individual Trampoline,Qualification,1,,2,TRUE,2,52200,0,99,0,,1,0,Stanley,Michelle,Dynamic Gymnastics Sports,01/01/0001,,2,26000,10,0,0,E5,100,,,,,,,,,,,,
36,a4166950-054f-4ddc-623e-3803c53030a6,TCI #1 2023 Masters,,TRA,Masters Over 40's Novice Individual Trampoline,Qualification,1,,2,TRUE,2,52200,0,99,0,,1,0,Stanley,Michelle,Dynamic Gymnastics Sports,01/01/0001,,2,26000,10,0,0,E8,100,,,,,,,,,,,,
37,a4166950-054f-4ddc-623e-3803c53030a6,TCI #1 2023 Masters,,TRA,Masters Over 40's Novice Individual Trampoline,Qualification,1,,2,TRUE,2,52200,0,99,0,,1,0,Stanley,Michelle,Dynamic Gymnastics Sports,01/01/0001,,2,26000,10,0,0,E∑,154,4,4,4,4,3,4,4,5,6,6,2,0
38,a4166950-054f-4ddc-623e-3803c53030a6,TCI #1 2023 Masters,,TRA,Masters Over 40's Novice Individual Trampoline,Qualification,1,,2,TRUE,2,52200,0,99,0,,1,0,Stanley,Michelle,Dynamic Gymnastics Sports,01/01/0001,,2,26000,10,0,0,T,0,,,,,,,,,,,,
39,a4166950-054f-4ddc-623e-3803c53030a6,TCI #1 2023 Masters,,TRA,Masters Over 40's Novice Individual Trampoline,Qualification,1,,2,TRUE,2,52200,0,99,0,,1,0,Stanley,Michelle,Dynamic Gymnastics Sports,01/01/0001,,2,26000,10,0,0,D,11,0,,,,,,,,,,,
40,a4166950-054f-4ddc-623e-3803c53030a6,TCI #1 2023 Masters,,TRA,Masters Over 40's Novice Individual Trampoline,Qualification,1,,2,TRUE,2,52200,0,99,0,,1,0,Stanley,Michelle,Dynamic Gymnastics Sports,01/01/0001,,2,26000,10,0,0,H,950,950,0,,,,,,,,,,
41,a4166950-054f-4ddc-623e-3803c53030a6,TCI #1 2023 Masters,,TRA,Masters Advanced Individual Trampoline,Qualification,1,,1,TRUE,2,52900,0,99,0,,1,0,Buwalda,Basil,ICE Gymsports North Canterbury,01/01/0001,,1,28200,10,0,0,E1,80,2,2,1,3,2,3,2,3,1,1,,
42,a4166950-054f-4ddc-623e-3803c53030a6,TCI #1 2023 Masters,,TRA,Masters Advanced Individual Trampoline,Qualification,1,,1,TRUE,2,52900,0,99,0,,1,0,Buwalda,Basil,ICE Gymsports North Canterbury,01/01/0001,,1,28200,10,0,0,E2,72,3,3,2,3,2,3,3,3,3,3,,
43,a4166950-054f-4ddc-623e-3803c53030a6,TCI #1 2023 Masters,,TRA,Masters Advanced Individual Trampoline,Qualification,1,,1,TRUE,2,52900,0,99,0,,1,0,Buwalda,Basil,ICE Gymsports North Canterbury,01/01/0001,,1,28200,10,0,0,E3,75,2,2,2,3,3,2,2,3,2,3,1,
44,a4166950-054f-4ddc-623e-3803c53030a6,TCI #1 2023 Masters,,TRA,Masters Advanced Individual Trampoline,Qualification,1,,1,TRUE,2,52900,0,99,0,,1,0,Buwalda,Basil,ICE Gymsports North Canterbury,01/01/0001,,1,28200,10,0,0,E4,74,2,2,3,3,3,2,3,2,3,2,1,
45,a4166950-054f-4ddc-623e-3803c53030a6,TCI #1 2023 Masters,,TRA,Masters Advanced Individual Trampoline,Qualification,1,,1,TRUE,2,52900,0,99,0,,1,0,Buwalda,Basil,ICE Gymsports North Canterbury,01/01/0001,,1,28200,10,0,0,E5,100,,,,,,,,,,,,
46,a4166950-054f-4ddc-623e-3803c53030a6,TCI #1 2023 Masters,,TRA,Masters Advanced Individual Trampoline,Qualification,1,,1,TRUE,2,52900,0,99,0,,1,0,Buwalda,Basil,ICE Gymsports North Canterbury,01/01/0001,,1,28200,10,0,0,E8,100,,,,,,,,,,,,
47,a4166950-054f-4ddc-623e-3803c53030a6,TCI #1 2023 Masters,,TRA,Masters Advanced Individual Trampoline,Qualification,1,,1,TRUE,2,52900,0,99,0,,1,0,Buwalda,Basil,ICE Gymsports North Canterbury,01/01/0001,,1,28200,10,0,0,E∑,150,4,4,4,6,5,5,5,6,5,5,1,0
48,a4166950-054f-4ddc-623e-3803c53030a6,TCI #1 2023 Masters,,TRA,Masters Advanced Individual Trampoline,Qualification,1,,1,TRUE,2,52900,0,99,0,,1,0,Buwalda,Basil,ICE Gymsports North Canterbury,01/01/0001,,1,28200,10,0,0,T,0,,,,,,,,,,,,
49,a4166950-054f-4ddc-623e-3803c53030a6,TCI #1 2023 Masters,,TRA,Masters Advanced Individual Trampoline,Qualification,1,,1,TRUE,2,52900,0,99,0,,1,0,Buwalda,Basil,ICE Gymsports North Canterbury,01/01/0001,,1,28200,10,0,0,D,35,0,,,,,,,,,,,
50,a4166950-054f-4ddc-623e-3803c53030a6,TCI #1 2023 Masters,,TRA,Masters Advanced Individual Trampoline,Qualification,1,,1,TRUE,2,52900,0,99,0,,1,0,Buwalda,Basil,ICE Gymsports North Canterbury,01/01/0001,,1,28200,10,0,0,H,970,970,0,,,,,,,,,,
51,a4166950-054f-4ddc-623e-3803c53030a6,TCI #1 2023 Masters,,TRA,Masters Advanced Individual Trampoline,Qualification,1,,1,TRUE,2,52900,0,99,0,,1,0,Buwalda,Basil,ICE Gymsports North Canterbury,01/01/0001,,2,24700,9,0,0,E1,71,3,2,2,3,3,1,3,1,1,,,
52,a4166950-054f-4ddc-623e-3803c53030a6,TCI #1 2023 Masters,,TRA,Masters Advanced Individual Trampoline,Qualification,1,,1,TRUE,2,52900,0,99,0,,1,0,Buwalda,Basil,ICE Gymsports North Canterbury,01/01/0001,,2,24700,9,0,0,E2,68,2,3,2,3,2,3,2,2,3,,,
53,a4166950-054f-4ddc-623e-3803c53030a6,TCI #1 2023 Masters,,TRA,Masters Advanced Individual Trampoline,Qualification,1,,1,TRUE,2,52900,0,99,0,,1,0,Buwalda,Basil,ICE Gymsports North Canterbury,01/01/0001,,2,24700,9,0,0,E3,68,2,3,2,3,3,2,3,2,2,,,
54,a4166950-054f-4ddc-623e-3803c53030a6,TCI #1 2023 Masters,,TRA,Masters Advanced Individual Trampoline,Qualification,1,,1,TRUE,2,52900,0,99,0,,1,0,Buwalda,Basil,ICE Gymsports North Canterbury,01/01/0001,,2,24700,9,0,0,E4,66,2,3,3,3,3,3,3,2,2,,,
55,a4166950-054f-4ddc-623e-3803c53030a6,TCI #1 2023 Masters,,TRA,Masters Advanced Individual Trampoline,Qualification,1,,1,TRUE,2,52900,0,99,0,,1,0,Buwalda,Basil,ICE Gymsports North Canterbury,01/01/0001,,2,24700,9,0,0,E5,90,,,,,,,,,,,,
56,a4166950-054f-4ddc-623e-3803c53030a6,TCI #1 2023 Masters,,TRA,Masters Advanced Individual Trampoline,Qualification,1,,1,TRUE,2,52900,0,99,0,,1,0,Buwalda,Basil,ICE Gymsports North Canterbury,01/01/0001,,2,24700,9,0,0,E8,90,,,,,,,,,,,,
57,a4166950-054f-4ddc-623e-3803c53030a6,TCI #1 2023 Masters,,TRA,Masters Advanced Individual Trampoline,Qualification,1,,1,TRUE,2,52900,0,99,0,,1,0,Buwalda,Basil,ICE Gymsports North Canterbury,01/01/0001,,2,24700,9,0,0,E∑,135,4,6,4,6,6,5,6,4,4,0,0,0
58,a4166950-054f-4ddc-623e-3803c53030a6,TCI #1 2023 Masters,,TRA,Masters Advanced Individual Trampoline,Qualification,1,,1,TRUE,2,52900,0,99,0,,1,0,Buwalda,Basil,ICE Gymsports North Canterbury,01/01/0001,,2,24700,9,0,0,T,0,,,,,,,,,,,,
59,a4166950-054f-4ddc-623e-3803c53030a6,TCI #1 2023 Masters,,TRA,Masters Advanced Individual Trampoline,Qualification,1,,1,TRUE,2,52900,0,99,0,,1,0,Buwalda,Basil,ICE Gymsports North Canterbury,01/01/0001,,2,24700,9,0,0,D,29,0,,,,,,,,,,,
60,a4166950-054f-4ddc-623e-3803c53030a6,TCI #1 2023 Masters,,TRA,Masters Advanced Individual Trampoline,Qualification,1,,1,TRUE,2,52900,0,99,0,,1,0,Buwalda,Basil,ICE Gymsports North Canterbury,01/01/0001,,2,24700,9,0,0,H,830,830,0,,,,,,,,,,
61,a4166950-054f-4ddc-623e-3803c53030a6,TCI #1 2023 Masters,,TRA,Masters Advanced Individual Trampoline,Qualification,1,,2,TRUE,3,36700,0,99,0,,1,0,McMillan,Mel,ICE Gymsports North Canterbury,01/01/0001,,1,28300,10,0,0,E1,77,3,1,4,1,3,1,2,4,1,3,,
62,a4166950-054f-4ddc-623e-3803c53030a6,TCI #1 2023 Masters,,TRA,Masters Advanced Individual Trampoline,Qualification,1,,2,TRUE,3,36700,0,99,0,,1,0,McMillan,Mel,ICE Gymsports North Canterbury,01/01/0001,,1,28300,10,0,0,E2,77,2,2,3,2,2,2,3,3,2,2,,
63,a4166950-054f-4ddc-623e-3803c53030a6,TCI #1 2023 Masters,,TRA,Masters Advanced Individual Trampoline,Qualification,1,,2,TRUE,3,36700,0,99,0,,1,0,McMillan,Mel,ICE Gymsports North Canterbury,01/01/0001,,1,28300,10,0,0,E3,76,3,3,3,2,2,2,2,3,2,2,,
64,a4166950-054f-4ddc-623e-3803c53030a6,TCI #1 2023 Masters,,TRA,Masters Advanced Individual Trampoline,Qualification,1,,2,TRUE,3,36700,0,99,0,,1,0,McMillan,Mel,ICE Gymsports North Canterbury,01/01/0001,,1,28300,10,0,0,E4,78,2,1,3,1,2,2,4,3,2,2,,
65,a4166950-054f-4ddc-623e-3803c53030a6,TCI #1 2023 Masters,,TRA,Masters Advanced Individual Trampoline,Qualification,1,,2,TRUE,3,36700,0,99,0,,1,0,McMillan,Mel,ICE Gymsports North Canterbury,01/01/0001,,1,28300,10,0,0,E5,100,,,,,,,,,,,,
66,a4166950-054f-4ddc-623e-3803c53030a6,TCI #1 2023 Masters,,TRA,Masters Advanced Individual Trampoline,Qualification,1,,2,TRUE,3,36700,0,99,0,,1,0,McMillan,Mel,ICE Gymsports North Canterbury,01/01/0001,,1,28300,10,0,0,E8,100,,,,,,,,,,,,
67,a4166950-054f-4ddc-623e-3803c53030a6,TCI #1 2023 Masters,,TRA,Masters Advanced Individual Trampoline,Qualification,1,,2,TRUE,3,36700,0,99,0,,1,0,McMillan,Mel,ICE Gymsports North Canterbury,01/01/0001,,1,28300,10,0,0,E∑,156,5,3,6,3,4,4,5,6,4,4,0,0
68,a4166950-054f-4ddc-623e-3803c53030a6,TCI #1 2023 Masters,,TRA,Masters Advanced Individual Trampoline,Qualification,1,,2,TRUE,3,36700,0,99,0,,1,0,McMillan,Mel,ICE Gymsports North Canterbury,01/01/0001,,1,28300,10,0,0,T,0,,,,,,,,,,,,
69,a4166950-054f-4ddc-623e-3803c53030a6,TCI #1 2023 Masters,,TRA,Masters Advanced Individual Trampoline,Qualification,1,,2,TRUE,3,36700,0,99,0,,1,0,McMillan,Mel,ICE Gymsports North Canterbury,01/01/0001,,1,28300,10,0,0,D,29,0,,,,,,,,,,,
70,a4166950-054f-4ddc-623e-3803c53030a6,TCI #1 2023 Masters,,TRA,Masters Advanced Individual Trampoline,Qualification,1,,2,TRUE,3,36700,0,99,0,,1,0,McMillan,Mel,ICE Gymsports North Canterbury,01/01/0001,,1,28300,10,0,0,H,980,980,0,,,,,,,,,,
71,a4166950-054f-4ddc-623e-3803c53030a6,TCI #1 2023 Masters,,TRA,Masters Advanced Individual Trampoline,Qualification,1,,2,TRUE,3,36700,0,99,0,,1,0,McMillan,Mel,ICE Gymsports North Canterbury,01/01/0001,,2,8400,3,0,0,E1,21,3,2,4,,,,,,,,,
72,a4166950-054f-4ddc-623e-3803c53030a6,TCI #1 2023 Masters,,TRA,Masters Advanced Individual Trampoline,Qualification,1,,2,TRUE,3,36700,0,99,0,,1,0,McMillan,Mel,ICE Gymsports North Canterbury,01/01/0001,,2,8400,3,0,0,E2,23,2,2,3,,,,,,,,,
73,a4166950-054f-4ddc-623e-3803c53030a6,TCI #1 2023 Masters,,TRA,Masters Advanced Individual Trampoline,Qualification,1,,2,TRUE,3,36700,0,99,0,,1,0,McMillan,Mel,ICE Gymsports North Canterbury,01/01/0001,,2,8400,3,0,0,E3,21,3,2,4,,,,,,,,,
74,a4166950-054f-4ddc-623e-3803c53030a6,TCI #1 2023 Masters,,TRA,Masters Advanced Individual Trampoline,Qualification,1,,2,TRUE,3,36700,0,99,0,,1,0,McMillan,Mel,ICE Gymsports North Canterbury,01/01/0001,,2,8400,3,0,0,E4,22,2,2,4,,,,,,,,,
75,a4166950-054f-4ddc-623e-3803c53030a6,TCI #1 2023 Masters,,TRA,Masters Advanced Individual Trampoline,Qualification,1,,2,TRUE,3,36700,0,99,0,,1,0,McMillan,Mel,ICE Gymsports North Canterbury,01/01/0001,,2,8400,3,0,0,E5,30,,,,,,,,,,,,
76,a4166950-054f-4ddc-623e-3803c53030a6,TCI #1 2023 Masters,,TRA,Masters Advanced Individual Trampoline,Qualification,1,,2,TRUE,3,36700,0,99,0,,1,0,McMillan,Mel,ICE Gymsports North Canterbury,01/01/0001,,2,8400,3,0,0,E8,30,,,,,,,,,,,,
77,a4166950-054f-4ddc-623e-3803c53030a6,TCI #1 2023 Masters,,TRA,Masters Advanced Individual Trampoline,Qualification,1,,2,TRUE,3,36700,0,99,0,,1,0,McMillan,Mel,ICE Gymsports North Canterbury,01/01/0001,,2,8400,3,0,0,E∑,43,5,4,8,0,0,0,0,0,0,0,0,0
78,a4166950-054f-4ddc-623e-3803c53030a6,TCI #1 2023 Masters,,TRA,Masters Advanced Individual Trampoline,Qualification,1,,2,TRUE,3,36700,0,99,0,,1,0,McMillan,Mel,ICE Gymsports North Canterbury,01/01/0001,,2,8400,3,0,0,T,0,,,,,,,,,,,,
79,a4166950-054f-4ddc-623e-3803c53030a6,TCI #1 2023 Masters,,TRA,Masters Advanced Individual Trampoline,Qualification,1,,2,TRUE,3,36700,0,99,0,,1,0,McMillan,Mel,ICE Gymsports North Canterbury,01/01/0001,,2,8400,3,0,0,D,11,0,,,,,,,,,,,
80,a4166950-054f-4ddc-623e-3803c53030a6,TCI #1 2023 Masters,,TRA,Masters Advanced Individual Trampoline,Qualification,1,,2,TRUE,3,36700,0,99,0,,1,0,McMillan,Mel,ICE Gymsports North Canterbury,01/01/0001,,2,8400,3,0,0,H,300,300,0,,,,,,,,,,
81,a4166950-054f-4ddc-623e-3803c53030a6,TCI #1 2023 Masters,,TRA,Masters Advanced Individual Trampoline,Qualification,1,,3,TRUE,1,54200,0,99,0,,1,0,LEATHART,Taryn,Dynamic Gymnastics Sports,01/01/0001,,1,27000,10,0,0,E1,76,2,1,1,3,4,3,4,1,4,1,,
82,a4166950-054f-4ddc-623e-3803c53030a6,TCI #1 2023 Masters,,TRA,Masters Advanced Individual Trampoline,Qualification,1,,3,TRUE,1,54200,0,99,0,,1,0,LEATHART,Taryn,Dynamic Gymnastics Sports,01/01/0001,,1,27000,10,0,0,E2,72,2,1,2,3,3,4,3,3,3,4,,
83,a4166950-054f-4ddc-623e-3803c53030a6,TCI #1 2023 Masters,,TRA,Masters Advanced Individual Trampoline,Qualification,1,,3,TRUE,1,54200,0,99,0,,1,0,LEATHART,Taryn,Dynamic Gymnastics Sports,01/01/0001,,1,27000,10,0,0,E3,71,3,3,1,3,5,2,3,2,4,2,1,
84,a4166950-054f-4ddc-623e-3803c53030a6,TCI #1 2023 Masters,,TRA,Masters Advanced Individual Trampoline,Qualification,1,,3,TRUE,1,54200,0,99,0,,1,0,LEATHART,Taryn,Dynamic Gymnastics Sports,01/01/0001,,1,27000,10,0,0,E4,70,3,2,2,2,4,3,4,3,3,3,1,
85,a4166950-054f-4ddc-623e-3803c53030a6,TCI #1 2023 Masters,,TRA,Masters Advanced Individual Trampoline,Qualification,1,,3,TRUE,1,54200,0,99,0,,1,0,LEATHART,Taryn,Dynamic Gymnastics Sports,01/01/0001,,1,27000,10,0,0,E5,100,,,,,,,,,,,,
86,a4166950-054f-4ddc-623e-3803c53030a6,TCI #1 2023 Masters,,TRA,Masters Advanced Individual Trampoline,Qualification,1,,3,TRUE,1,54200,0,99,0,,1,0,LEATHART,Taryn,Dynamic Gymnastics Sports,01/01/0001,,1,27000,10,0,0,E8,100,,,,,,,,,,,,
87,a4166950-054f-4ddc-623e-3803c53030a6,TCI #1 2023 Masters,,TRA,Masters Advanced Individual Trampoline,Qualification,1,,3,TRUE,1,54200,0,99,0,,1,0,LEATHART,Taryn,Dynamic Gymnastics Sports,01/01/0001,,1,27000,10,0,0,E∑,144,5,3,3,6,8,6,7,5,7,5,1,0
88,a4166950-054f-4ddc-623e-3803c53030a6,TCI #1 2023 Masters,,TRA,Masters Advanced Individual Trampoline,Qualification,1,,3,TRUE,1,54200,0,99,0,,1,0,LEATHART,Taryn,Dynamic Gymnastics Sports,01/01/0001,,1,27000,10,0,0,T,0,,,,,,,,,,,,
89,a4166950-054f-4ddc-623e-3803c53030a6,TCI #1 2023 Masters,,TRA,Masters Advanced Individual Trampoline,Qualification,1,,3,TRUE,1,54200,0,99,0,,1,0,LEATHART,Taryn,Dynamic Gymnastics Sports,01/01/0001,,1,27000,10,0,0,D,32,0,,,,,,,,,,,
90,a4166950-054f-4ddc-623e-3803c53030a6,TCI #1 2023 Masters,,TRA,Masters Advanced Individual Trampoline,Qualification,1,,3,TRUE,1,54200,0,99,0,,1,0,LEATHART,Taryn,Dynamic Gymnastics Sports,01/01/0001,,1,27000,10,0,0,H,940,940,0,,,,,,,,,,
91,a4166950-054f-4ddc-623e-3803c53030a6,TCI #1 2023 Masters,,TRA,Masters Advanced Individual Trampoline,Qualification,1,,3,TRUE,1,54200,0,99,0,,1,0,LEATHART,Taryn,Dynamic Gymnastics Sports,01/01/0001,,2,27200,10,0,0,E1,76,0,3,2,3,4,4,3,1,3,1,,
92,a4166950-054f-4ddc-623e-3803c53030a6,TCI #1 2023 Masters,,TRA,Masters Advanced Individual Trampoline,Qualification,1,,3,TRUE,1,54200,0,99,0,,1,0,LEATHART,Taryn,Dynamic Gymnastics Sports,01/01/0001,,2,27200,10,0,0,E2,73,2,3,3,3,3,3,2,2,3,3,,
93,a4166950-054f-4ddc-623e-3803c53030a6,TCI #1 2023 Masters,,TRA,Masters Advanced Individual Trampoline,Qualification,1,,3,TRUE,1,54200,0,99,0,,1,0,LEATHART,Taryn,Dynamic Gymnastics Sports,01/01/0001,,2,27200,10,0,0,E3,72,3,2,3,3,3,3,3,2,3,2,1,
94,a4166950-054f-4ddc-623e-3803c53030a6,TCI #1 2023 Masters,,TRA,Masters Advanced Individual Trampoline,Qualification,1,,3,TRUE,1,54200,0,99,0,,1,0,LEATHART,Taryn,Dynamic Gymnastics Sports,01/01/0001,,2,27200,10,0,0,E4,71,3,3,2,3,3,3,2,3,3,3,1,
95,a4166950-054f-4ddc-623e-3803c53030a6,TCI #1 2023 Masters,,TRA,Masters Advanced Individual Trampoline,Qualification,1,,3,TRUE,1,54200,0,99,0,,1,0,LEATHART,Taryn,Dynamic Gymnastics Sports,01/01/0001,,2,27200,10,0,0,E5,100,,,,,,,,,,,,
96,a4166950-054f-4ddc-623e-3803c53030a6,TCI #1 2023 Masters,,TRA,Masters Advanced Individual Trampoline,Qualification,1,,3,TRUE,1,54200,0,99,0,,1,0,LEATHART,Taryn,Dynamic Gymnastics Sports,01/01/0001,,2,27200,10,0,0,E8,100,,,,,,,,,,,,
97,a4166950-054f-4ddc-623e-3803c53030a6,TCI #1 2023 Masters,,TRA,Masters Advanced Individual Trampoline,Qualification,1,,3,TRUE,1,54200,0,99,0,,1,0,LEATHART,Taryn,Dynamic Gymnastics Sports,01/01/0001,,2,27200,10,0,0,E∑,145,5,6,5,6,6,6,5,4,6,5,1,0
98,a4166950-054f-4ddc-623e-3803c53030a6,TCI #1 2023 Masters,,TRA,Masters Advanced Individual Trampoline,Qualification,1,,3,TRUE,1,54200,0,99,0,,1,0,LEATHART,Taryn,Dynamic Gymnastics Sports,01/01/0001,,2,27200,10,0,0,T,0,,,,,,,,,,,,
99,a4166950-054f-4ddc-623e-3803c53030a6,TCI #1 2023 Masters,,TRA,Masters Advanced Individual Trampoline,Qualification,1,,3,TRUE,1,54200,0,99,0,,1,0,LEATHART,Taryn,Dynamic Gymnastics Sports,01/01/0001,,2,27200,10,0,0,D,32,0,,,,,,,,,,,
100,a4166950-054f-4ddc-623e-3803c53030a6,TCI #1 2023 Masters,,TRA,Masters Advanced Individual Trampoline,Qualification,1,,3,TRUE,1,54200,0,99,0,,1,0,LEATHART,Taryn,Dynamic Gymnastics Sports,01/01/0001,,2,27200,10,0,0,H,950,950,0,,,,,,,,,,
101,a4166950-054f-4ddc-623e-3803c53030a6,TCI #1 2023 Masters,,TRA,Masters Under 40's Novice Individual Trampoline,Qualification,1,,1,TRUE,1,49900,0,99,0,,1,0,MacGreggor,Russel,Dynamic Gymnastics Sports,01/01/0001,,1,24100,10,0,0,E1,72,3,4,3,3,2,2,2,3,2,4,,
102,a4166950-054f-4ddc-623e-3803c53030a6,TCI #1 2023 Masters,,TRA,Masters Under 40's Novice Individual Trampoline,Qualification,1,,1,TRUE,1,49900,0,99,0,,1,0,MacGreggor,Russel,Dynamic Gymnastics Sports,01/01/0001,,1,24100,10,0,0,E2,65,3,4,3,3,3,3,4,4,4,4,,
103,a4166950-054f-4ddc-623e-3803c53030a6,TCI #1 2023 Masters,,TRA,Masters Under 40's Novice Individual Trampoline,Qualification,1,,1,TRUE,1,49900,0,99,0,,1,0,MacGreggor,Russel,Dynamic Gymnastics Sports,01/01/0001,,1,24100,10,0,0,E3,64,3,4,4,4,3,4,2,4,4,4,,
104,a4166950-054f-4ddc-623e-3803c53030a6,TCI #1 2023 Masters,,TRA,Masters Under 40's Novice Individual Trampoline,Qualification,1,,1,TRUE,1,49900,0,99,0,,1,0,MacGreggor,Russel,Dynamic Gymnastics Sports,01/01/0001,,1,24100,10,0,0,E4,66,2,3,5,3,3,3,3,4,4,4,,
105,a4166950-054f-4ddc-623e-3803c53030a6,TCI #1 2023 Masters,,TRA,Masters Under 40's Novice Individual Trampoline,Qualification,1,,1,TRUE,1,49900,0,99,0,,1,0,MacGreggor,Russel,Dynamic Gymnastics Sports,01/01/0001,,1,24100,10,0,0,E5,100,,,,,,,,,,,,
106,a4166950-054f-4ddc-623e-3803c53030a6,TCI #1 2023 Masters,,TRA,Masters Under 40's Novice Individual Trampoline,Qualification,1,,1,TRUE,1,49900,0,99,0,,1,0,MacGreggor,Russel,Dynamic Gymnastics Sports,01/01/0001,,1,24100,10,0,0,E8,100,,,,,,,,,,,,
107,a4166950-054f-4ddc-623e-3803c53030a6,TCI #1 2023 Masters,,TRA,Masters Under 40's Novice Individual Trampoline,Qualification,1,,1,TRUE,1,49900,0,99,0,,1,0,MacGreggor,Russel,Dynamic Gymnastics Sports,01/01/0001,,1,24100,10,0,0,E∑,132,6,8,7,6,6,6,5,8,8,8,0,0
108,a4166950-054f-4ddc-623e-3803c53030a6,TCI #1 2023 Masters,,TRA,Masters Under 40's Novice Individual Trampoline,Qualification,1,,1,TRUE,1,49900,0,99,0,,1,0,MacGreggor,Russel,Dynamic Gymnastics Sports,01/01/0001,,1,24100,10,0,0,T,0,,,,,,,,,,,,
109,a4166950-054f-4ddc-623e-3803c53030a6,TCI #1 2023 Masters,,TRA,Masters Under 40's Novice Individual Trampoline,Qualification,1,,1,TRUE,1,49900,0,99,0,,1,0,MacGreggor,Russel,Dynamic Gymnastics Sports,01/01/0001,,1,24100,10,0,0,D,13,0,,,,,,,,,,,
110,a4166950-054f-4ddc-623e-3803c53030a6,TCI #1 2023 Masters,,TRA,Masters Under 40's Novice Individual Trampoline,Qualification,1,,1,TRUE,1,49900,0,99,0,,1,0,MacGreggor,Russel,Dynamic Gymnastics Sports,01/01/0001,,1,24100,10,0,0,H,960,960,0,,,,,,,,,,
111,a4166950-054f-4ddc-623e-3803c53030a6,TCI #1 2023 Masters,,TRA,Masters Under 40's Novice Individual Trampoline,Qualification,1,,1,TRUE,1,49900,0,99,0,,1,0,MacGreggor,Russel,Dynamic Gymnastics Sports,01/01/0001,,2,25800,10,0,0,E1,83,2,2,2,0,1,0,2,3,1,4,,
112,a4166950-054f-4ddc-623e-3803c53030a6,TCI #1 2023 Masters,,TRA,Masters Under 40's Novice Individual Trampoline,Qualification,1,,1,TRUE,1,49900,0,99,0,,1,0,MacGreggor,Russel,Dynamic Gymnastics Sports,01/01/0001,,2,25800,10,0,0,E2,70,3,3,4,3,2,2,3,3,3,4,,
113,a4166950-054f-4ddc-623e-3803c53030a6,TCI #1 2023 Masters,,TRA,Masters Under 40's Novice Individual Trampoline,Qualification,1,,1,TRUE,1,49900,0,99,0,,1,0,MacGreggor,Russel,Dynamic Gymnastics Sports,01/01/0001,,2,25800,10,0,0,E3,75,3,3,3,2,2,2,2,2,2,4,,
114,a4166950-054f-4ddc-623e-3803c53030a6,TCI #1 2023 Masters,,TRA,Masters Under 40's Novice Individual Trampoline,Qualification,1,,1,TRUE,1,49900,0,99,0,,1,0,MacGreggor,Russel,Dynamic Gymnastics Sports,01/01/0001,,2,25800,10,0,0,E4,70,3,3,4,3,3,2,2,3,3,4,,
115,a4166950-054f-4ddc-623e-3803c53030a6,TCI #1 2023 Masters,,TRA,Masters Under 40's Novice Individual Trampoline,Qualification,1,,1,TRUE,1,49900,0,99,0,,1,0,MacGreggor,Russel,Dynamic Gymnastics Sports,01/01/0001,,2,25800,10,0,0,E5,100,,,,,,,,,,,,
116,a4166950-054f-4ddc-623e-3803c53030a6,TCI #1 2023 Masters,,TRA,Masters Under 40's Novice Individual Trampoline,Qualification,1,,1,TRUE,1,49900,0,99,0,,1,0,MacGreggor,Russel,Dynamic Gymnastics Sports,01/01/0001,,2,25800,10,0,0,E8,100,,,,,,,,,,,,
117,a4166950-054f-4ddc-623e-3803c53030a6,TCI #1 2023 Masters,,TRA,Masters Under 40's Novice Individual Trampoline,Qualification,1,,1,TRUE,1,49900,0,99,0,,1,0,MacGreggor,Russel,Dynamic Gymnastics Sports,01/01/0001,,2,25800,10,0,0,E∑,145,6,6,7,5,4,4,4,6,5,8,0,0
118,a4166950-054f-4ddc-623e-3803c53030a6,TCI #1 2023 Masters,,TRA,Masters Under 40's Novice Individual Trampoline,Qualification,1,,1,TRUE,1,49900,0,99,0,,1,0,MacGreggor,Russel,Dynamic Gymnastics Sports,01/01/0001,,2,25800,10,0,0,T,0,,,,,,,,,,,,
119,a4166950-054f-4ddc-623e-3803c53030a6,TCI #1 2023 Masters,,TRA,Masters Under 40's Novice Individual Trampoline,Qualification,1,,1,TRUE,1,49900,0,99,0,,1,0,MacGreggor,Russel,Dynamic Gymnastics Sports,01/01/0001,,2,25800,10,0,0,D,15,0,,,,,,,,,,,
120,a4166950-054f-4ddc-623e-3803c53030a6,TCI #1 2023 Masters,,TRA,Masters Under 40's Novice Individual Trampoline,Qualification,1,,1,TRUE,1,49900,0,99,0,,1,0,MacGreggor,Russel,Dynamic Gymnastics Sports,01/01/0001,,2,25800,10,0,0,H,980,980,0,,,,,,,,,,
121,a4166950-054f-4ddc-623e-3803c53030a6,TCI #1 2023 Masters,,DMT,Masters Over 40's Novice  DMT,Qualification,1,,1,TRUE,1,38900,0,99,0,,1,0,Glanville,Nicci,Dynamic Gymnastics Sports,01/01/0001,,1,19300,2,0,0,E1,95,2,2,,,,,,,,,1,
122,a4166950-054f-4ddc-623e-3803c53030a6,TCI #1 2023 Masters,,DMT,Masters Over 40's Novice  DMT,Qualification,1,,1,TRUE,1,38900,0,99,0,,1,0,Glanville,Nicci,Dynamic Gymnastics Sports,01/01/0001,,1,19300,2,0,0,E2,96,2,1,,,,,,,,,1,
123,a4166950-054f-4ddc-623e-3803c53030a6,TCI #1 2023 Masters,,DMT,Masters Over 40's Novice  DMT,Qualification,1,,1,TRUE,1,38900,0,99,0,,1,0,Glanville,Nicci,Dynamic Gymnastics Sports,01/01/0001,,1,19300,2,0,0,E3,99,1,0,,,,,,,,,,
124,a4166950-054f-4ddc-623e-3803c53030a6,TCI #1 2023 Masters,,DMT,Masters Over 40's Novice  DMT,Qualification,1,,1,TRUE,1,38900,0,99,0,,1,0,Glanville,Nicci,Dynamic Gymnastics Sports,01/01/0001,,1,19300,2,0,0,E4,97,2,1,,,,,,,,,,
125,a4166950-054f-4ddc-623e-3803c53030a6,TCI #1 2023 Masters,,DMT,Masters Over 40's Novice  DMT,Qualification,1,,1,TRUE,1,38900,0,99,0,,1,0,Glanville,Nicci,Dynamic Gymnastics Sports,01/01/0001,,1,19300,2,0,0,E5,100,,,,,,,,,,,,
126,a4166950-054f-4ddc-623e-3803c53030a6,TCI #1 2023 Masters,,DMT,Masters Over 40's Novice  DMT,Qualification,1,,1,TRUE,1,38900,0,99,0,,1,0,Glanville,Nicci,Dynamic Gymnastics Sports,01/01/0001,,1,19300,2,0,0,E8,100,,,,,,,,,,,,
127,a4166950-054f-4ddc-623e-3803c53030a6,TCI #1 2023 Masters,,DMT,Masters Over 40's Novice  DMT,Qualification,1,,1,TRUE,1,38900,0,99,0,,1,0,Glanville,Nicci,Dynamic Gymnastics Sports,01/01/0001,,1,19300,2,0,0,E∑,193,4,2,0,0,0,0,0,0,0,0,1,0
128,a4166950-054f-4ddc-623e-3803c53030a6,TCI #1 2023 Masters,,DMT,Masters Over 40's Novice  DMT,Qualification,1,,1,TRUE,1,38900,0,99,0,,1,0,Glanville,Nicci,Dynamic Gymnastics Sports,01/01/0001,,1,19300,2,0,0,T,0,,,,,,,,,,,,
129,a4166950-054f-4ddc-623e-3803c53030a6,TCI #1 2023 Masters,,DMT,Masters Over 40's Novice  DMT,Qualification,1,,1,TRUE,1,38900,0,99,0,,1,0,Glanville,Nicci,Dynamic Gymnastics Sports,01/01/0001,,1,19300,2,0,0,D,0,0,,,,,,,,,,,
130,a4166950-054f-4ddc-623e-3803c53030a6,TCI #1 2023 Masters,,DMT,Masters Over 40's Novice  DMT,Qualification,1,,1,TRUE,1,38900,0,99,0,,1,0,Glanville,Nicci,Dynamic Gymnastics Sports,01/01/0001,,1,19300,2,0,0,H,0,0,0,,,,,,,,,,
131,a4166950-054f-4ddc-623e-3803c53030a6,TCI #1 2023 Masters,,DMT,Masters Over 40's Novice  DMT,Qualification,1,,1,TRUE,1,38900,0,99,0,,1,0,Glanville,Nicci,Dynamic Gymnastics Sports,01/01/0001,,2,19600,2,0,0,E1,96,2,2,,,,,,,,,,
132,a4166950-054f-4ddc-623e-3803c53030a6,TCI #1 2023 Masters,,DMT,Masters Over 40's Novice  DMT,Qualification,1,,1,TRUE,1,38900,0,99,0,,1,0,Glanville,Nicci,Dynamic Gymnastics Sports,01/01/0001,,2,19600,2,0,0,E2,96,1,3,,,,,,,,,,
133,a4166950-054f-4ddc-623e-3803c53030a6,TCI #1 2023 Masters,,DMT,Masters Over 40's Novice  DMT,Qualification,1,,1,TRUE,1,38900,0,99,0,,1,0,Glanville,Nicci,Dynamic Gymnastics Sports,01/01/0001,,2,19600,2,0,0,E3,95,2,3,,,,,,,,,,
134,a4166950-054f-4ddc-623e-3803c53030a6,TCI #1 2023 Masters,,DMT,Masters Over 40's Novice  DMT,Qualification,1,,1,TRUE,1,38900,0,99,0,,1,0,Glanville,Nicci,Dynamic Gymnastics Sports,01/01/0001,,2,19600,2,0,0,E4,96,2,2,,,,,,,,,,
135,a4166950-054f-4ddc-623e-3803c53030a6,TCI #1 2023 Masters,,DMT,Masters Over 40's Novice  DMT,Qualification,1,,1,TRUE,1,38900,0,99,0,,1,0,Glanville,Nicci,Dynamic Gymnastics Sports,01/01/0001,,2,19600,2,0,0,E5,100,,,,,,,,,,,,
136,a4166950-054f-4ddc-623e-3803c53030a6,TCI #1 2023 Masters,,DMT,Masters Over 40's Novice  DMT,Qualification,1,,1,TRUE,1,38900,0,99,0,,1,0,Glanville,Nicci,Dynamic Gymnastics Sports,01/01/0001,,2,19600,2,0,0,E8,100,,,,,,,,,,,,
137,a4166950-054f-4ddc-623e-3803c53030a6,TCI #1 2023 Masters,,DMT,Masters Over 40's Novice  DMT,Qualification,1,,1,TRUE,1,38900,0,99,0,,1,0,Glanville,Nicci,Dynamic Gymnastics Sports,01/01/0001,,2,19600,2,0,0,E∑,191,4,5,0,0,0,0,0,0,0,0,0,0
138,a4166950-054f-4ddc-623e-3803c53030a6,TCI #1 2023 Masters,,DMT,Masters Over 40's Novice  DMT,Qualification,1,,1,TRUE,1,38900,0,99,0,,1,0,Glanville,Nicci,Dynamic Gymnastics Sports,01/01/0001,,2,19600,2,0,0,T,0,,,,,,,,,,,,
139,a4166950-054f-4ddc-623e-3803c53030a6,TCI #1 2023 Masters,,DMT,Masters Over 40's Novice  DMT,Qualification,1,,1,TRUE,1,38900,0,99,0,,1,0,Glanville,Nicci,Dynamic Gymnastics Sports,01/01/0001,,2,19600,2,0,0,D,5,0,,,,,,,,,,,
140,a4166950-054f-4ddc-623e-3803c53030a6,TCI #1 2023 Masters,,DMT,Masters Over 40's Novice  DMT,Qualification,1,,1,TRUE,1,38900,0,99,0,,1,0,Glanville,Nicci,Dynamic Gymnastics Sports,01/01/0001,,2,19600,2,0,0,H,0,0,0,,,,,,,,,,
141,a4166950-054f-4ddc-623e-3803c53030a6,TCI #1 2023 Masters,,DMT,Masters Over 40's Novice  DMT,Qualification,1,,2,TRUE,2,38500,0,99,0,,1,0,Stanley,Michelle,Dynamic Gymnastics Sports,01/01/0001,,1,18900,2,0,0,E1,91,3,3,,,,,,,,,3,
142,a4166950-054f-4ddc-623e-3803c53030a6,TCI #1 2023 Masters,,DMT,Masters Over 40's Novice  DMT,Qualification,1,,2,TRUE,2,38500,0,99,0,,1,0,Stanley,Michelle,Dynamic Gymnastics Sports,01/01/0001,,1,18900,2,0,0,E2,94,1,2,,,,,,,,,3,
143,a4166950-054f-4ddc-623e-3803c53030a6,TCI #1 2023 Masters,,DMT,Masters Over 40's Novice  DMT,Qualification,1,,2,TRUE,2,38500,0,99,0,,1,0,Stanley,Michelle,Dynamic Gymnastics Sports,01/01/0001,,1,18900,2,0,0,E3,94,2,1,,,,,,,,,3,
144,a4166950-054f-4ddc-623e-3803c53030a6,TCI #1 2023 Masters,,DMT,Masters Over 40's Novice  DMT,Qualification,1,,2,TRUE,2,38500,0,99,0,,1,0,Stanley,Michelle,Dynamic Gymnastics Sports,01/01/0001,,1,18900,2,0,0,E4,93,3,2,,,,,,,,,2,
145,a4166950-054f-4ddc-623e-3803c53030a6,TCI #1 2023 Masters,,DMT,Masters Over 40's Novice  DMT,Qualification,1,,2,TRUE,2,38500,0,99,0,,1,0,Stanley,Michelle,Dynamic Gymnastics Sports,01/01/0001,,1,18900,2,0,0,E5,100,,,,,,,,,,,,
146,a4166950-054f-4ddc-623e-3803c53030a6,TCI #1 2023 Masters,,DMT,Masters Over 40's Novice  DMT,Qualification,1,,2,TRUE,2,38500,0,99,0,,1,0,Stanley,Michelle,Dynamic Gymnastics Sports,01/01/0001,,1,18900,2,0,0,E8,100,,,,,,,,,,,,
147,a4166950-054f-4ddc-623e-3803c53030a6,TCI #1 2023 Masters,,DMT,Masters Over 40's Novice  DMT,Qualification,1,,2,TRUE,2,38500,0,99,0,,1,0,Stanley,Michelle,Dynamic Gymnastics Sports,01/01/0001,,1,18900,2,0,0,E∑,185,5,4,0,0,0,0,0,0,0,0,6,0
148,a4166950-054f-4ddc-623e-3803c53030a6,TCI #1 2023 Masters,,DMT,Masters Over 40's Novice  DMT,Qualification,1,,2,TRUE,2,38500,0,99,0,,1,0,Stanley,Michelle,Dynamic Gymnastics Sports,01/01/0001,,1,18900,2,0,0,T,0,,,,,,,,,,,,
149,a4166950-054f-4ddc-623e-3803c53030a6,TCI #1 2023 Masters,,DMT,Masters Over 40's Novice  DMT,Qualification,1,,2,TRUE,2,38500,0,99,0,,1,0,Stanley,Michelle,Dynamic Gymnastics Sports,01/01/0001,,1,18900,2,0,0,D,4,0,,,,,,,,,,,
150,a4166950-054f-4ddc-623e-3803c53030a6,TCI #1 2023 Masters,,DMT,Masters Over 40's Novice  DMT,Qualification,1,,2,TRUE,2,38500,0,99,0,,1,0,Stanley,Michelle,Dynamic Gymnastics Sports,01/01/0001,,1,18900,2,0,0,H,0,0,0,,,,,,,,,,
151,a4166950-054f-4ddc-623e-3803c53030a6,TCI #1 2023 Masters,,DMT,Masters Over 40's Novice  DMT,Qualification,1,,2,TRUE,2,38500,0,99,0,,1,0,Stanley,Michelle,Dynamic Gymnastics Sports,01/01/0001,,2,19600,2,0,0,E1,95,1,3,,,,,,,,,1,
152,a4166950-054f-4ddc-623e-3803c53030a6,TCI #1 2023 Masters,,DMT,Masters Over 40's Novice  DMT,Qualification,1,,2,TRUE,2,38500,0,99,0,,1,0,Stanley,Michelle,Dynamic Gymnastics Sports,01/01/0001,,2,19600,2,0,0,E2,95,1,3,,,,,,,,,1,
153,a4166950-054f-4ddc-623e-3803c53030a6,TCI #1 2023 Masters,,DMT,Masters Over 40's Novice  DMT,Qualification,1,,2,TRUE,2,38500,0,99,0,,1,0,Stanley,Michelle,Dynamic Gymnastics Sports,01/01/0001,,2,19600,2,0,0,E3,94,2,2,,,,,,,,,2,
154,a4166950-054f-4ddc-623e-3803c53030a6,TCI #1 2023 Masters,,DMT,Masters Over 40's Novice  DMT,Qualification,1,,2,TRUE,2,38500,0,99,0,,1,0,Stanley,Michelle,Dynamic Gymnastics Sports,01/01/0001,,2,19600,2,0,0,E4,93,3,3,,,,,,,,,1,
155,a4166950-054f-4ddc-623e-3803c53030a6,TCI #1 2023 Masters,,DMT,Masters Over 40's Novice  DMT,Qualification,1,,2,TRUE,2,38500,0,99,0,,1,0,Stanley,Michelle,Dynamic Gymnastics Sports,01/01/0001,,2,19600,2,0,0,E5,100,,,,,,,,,,,,
156,a4166950-054f-4ddc-623e-3803c53030a6,TCI #1 2023 Masters,,DMT,Masters Over 40's Novice  DMT,Qualification,1,,2,TRUE,2,38500,0,99,0,,1,0,Stanley,Michelle,Dynamic Gymnastics Sports,01/01/0001,,2,19600,2,0,0,E8,100,,,,,,,,,,,,
157,a4166950-054f-4ddc-623e-3803c53030a6,TCI #1 2023 Masters,,DMT,Masters Over 40's Novice  DMT,Qualification,1,,2,TRUE,2,38500,0,99,0,,1,0,Stanley,Michelle,Dynamic Gymnastics Sports,01/01/0001,,2,19600,2,0,0,E∑,189,3,6,0,0,0,0,0,0,0,0,2,0
158,a4166950-054f-4ddc-623e-3803c53030a6,TCI #1 2023 Masters,,DMT,Masters Over 40's Novice  DMT,Qualification,1,,2,TRUE,2,38500,0,99,0,,1,0,Stanley,Michelle,Dynamic Gymnastics Sports,01/01/0001,,2,19600,2,0,0,T,0,,,,,,,,,,,,
159,a4166950-054f-4ddc-623e-3803c53030a6,TCI #1 2023 Masters,,DMT,Masters Over 40's Novice  DMT,Qualification,1,,2,TRUE,2,38500,0,99,0,,1,0,Stanley,Michelle,Dynamic Gymnastics Sports,01/01/0001,,2,19600,2,0,0,D,7,0,,,,,,,,,,,
160,a4166950-054f-4ddc-623e-3803c53030a6,TCI #1 2023 Masters,,DMT,Masters Over 40's Novice  DMT,Qualification,1,,2,TRUE,2,38500,0,99,0,,1,0,Stanley,Michelle,Dynamic Gymnastics Sports,01/01/0001,,2,19600,2,0,0,H,0,0,0,,,,,,,,,,
161,a4166950-054f-4ddc-623e-3803c53030a6,TCI #1 2023 Masters,,DMT,Masters Advanced DMT,Qualification,1,,1,TRUE,1,39500,0,99,0,,1,0,Buwalda,Basil,ICE Gymsports North Canterbury,01/01/0001,,1,19600,2,0,0,E1,93,2,3,,,,,,,,,2,
162,a4166950-054f-4ddc-623e-3803c53030a6,TCI #1 2023 Masters,,DMT,Masters Advanced DMT,Qualification,1,,1,TRUE,1,39500,0,99,0,,1,0,Buwalda,Basil,ICE Gymsports North Canterbury,01/01/0001,,1,19600,2,0,0,E2,95,1,3,,,,,,,,,1,
163,a4166950-054f-4ddc-623e-3803c53030a6,TCI #1 2023 Masters,,DMT,Masters Advanced DMT,Qualification,1,,1,TRUE,1,39500,0,99,0,,1,0,Buwalda,Basil,ICE Gymsports North Canterbury,01/01/0001,,1,19600,2,0,0,E3,94,2,3,,,,,,,,,1,
164,a4166950-054f-4ddc-623e-3803c53030a6,TCI #1 2023 Masters,,DMT,Masters Advanced DMT,Qualification,1,,1,TRUE,1,39500,0,99,0,,1,0,Buwalda,Basil,ICE Gymsports North Canterbury,01/01/0001,,1,19600,2,0,0,E4,95,1,3,,,,,,,,,1,
165,a4166950-054f-4ddc-623e-3803c53030a6,TCI #1 2023 Masters,,DMT,Masters Advanced DMT,Qualification,1,,1,TRUE,1,39500,0,99,0,,1,0,Buwalda,Basil,ICE Gymsports North Canterbury,01/01/0001,,1,19600,2,0,0,E5,100,,,,,,,,,,,,
166,a4166950-054f-4ddc-623e-3803c53030a6,TCI #1 2023 Masters,,DMT,Masters Advanced DMT,Qualification,1,,1,TRUE,1,39500,0,99,0,,1,0,Buwalda,Basil,ICE Gymsports North Canterbury,01/01/0001,,1,19600,2,0,0,E8,100,,,,,,,,,,,,
167,a4166950-054f-4ddc-623e-3803c53030a6,TCI #1 2023 Masters,,DMT,Masters Advanced DMT,Qualification,1,,1,TRUE,1,39500,0,99,0,,1,0,Buwalda,Basil,ICE Gymsports North Canterbury,01/01/0001,,1,19600,2,0,0,E∑,189,3,6,0,0,0,0,0,0,0,0,2,0
168,a4166950-054f-4ddc-623e-3803c53030a6,TCI #1 2023 Masters,,DMT,Masters Advanced DMT,Qualification,1,,1,TRUE,1,39500,0,99,0,,1,0,Buwalda,Basil,ICE Gymsports North Canterbury,01/01/0001,,1,19600,2,0,0,T,0,,,,,,,,,,,,
169,a4166950-054f-4ddc-623e-3803c53030a6,TCI #1 2023 Masters,,DMT,Masters Advanced DMT,Qualification,1,,1,TRUE,1,39500,0,99,0,,1,0,Buwalda,Basil,ICE Gymsports North Canterbury,01/01/0001,,1,19600,2,0,0,D,7,0,,,,,,,,,,,
170,a4166950-054f-4ddc-623e-3803c53030a6,TCI #1 2023 Masters,,DMT,Masters Advanced DMT,Qualification,1,,1,TRUE,1,39500,0,99,0,,1,0,Buwalda,Basil,ICE Gymsports North Canterbury,01/01/0001,,1,19600,2,0,0,H,0,0,0,,,,,,,,,,
171,a4166950-054f-4ddc-623e-3803c53030a6,TCI #1 2023 Masters,,DMT,Masters Advanced DMT,Qualification,1,,1,TRUE,1,39500,0,99,0,,1,0,Buwalda,Basil,ICE Gymsports North Canterbury,01/01/0001,,2,19900,2,0,0,E1,96,0,2,,,,,,,,,2,
172,a4166950-054f-4ddc-623e-3803c53030a6,TCI #1 2023 Masters,,DMT,Masters Advanced DMT,Qualification,1,,1,TRUE,1,39500,0,99,0,,1,0,Buwalda,Basil,ICE Gymsports North Canterbury,01/01/0001,,2,19900,2,0,0,E2,97,0,1,,,,,,,,,2,
173,a4166950-054f-4ddc-623e-3803c53030a6,TCI #1 2023 Masters,,DMT,Masters Advanced DMT,Qualification,1,,1,TRUE,1,39500,0,99,0,,1,0,Buwalda,Basil,ICE Gymsports North Canterbury,01/01/0001,,2,19900,2,0,0,E3,96,1,1,,,,,,,,,2,
174,a4166950-054f-4ddc-623e-3803c53030a6,TCI #1 2023 Masters,,DMT,Masters Advanced DMT,Qualification,1,,1,TRUE,1,39500,0,99,0,,1,0,Buwalda,Basil,ICE Gymsports North Canterbury,01/01/0001,,2,19900,2,0,0,E4,93,1,3,,,,,,,,,3,
175,a4166950-054f-4ddc-623e-3803c53030a6,TCI #1 2023 Masters,,DMT,Masters Advanced DMT,Qualification,1,,1,TRUE,1,39500,0,99,0,,1,0,Buwalda,Basil,ICE Gymsports North Canterbury,01/01/0001,,2,19900,2,0,0,E5,100,,,,,,,,,,,,
176,a4166950-054f-4ddc-623e-3803c53030a6,TCI #1 2023 Masters,,DMT,Masters Advanced DMT,Qualification,1,,1,TRUE,1,39500,0,99,0,,1,0,Buwalda,Basil,ICE Gymsports North Canterbury,01/01/0001,,2,19900,2,0,0,E8,100,,,,,,,,,,,,
177,a4166950-054f-4ddc-623e-3803c53030a6,TCI #1 2023 Masters,,DMT,Masters Advanced DMT,Qualification,1,,1,TRUE,1,39500,0,99,0,,1,0,Buwalda,Basil,ICE Gymsports North Canterbury,01/01/0001,,2,19900,2,0,0,E∑,192,1,3,0,0,0,0,0,0,0,0,4,0
178,a4166950-054f-4ddc-623e-3803c53030a6,TCI #1 2023 Masters,,DMT,Masters Advanced DMT,Qualification,1,,1,TRUE,1,39500,0,99,0,,1,0,Buwalda,Basil,ICE Gymsports North Canterbury,01/01/0001,,2,19900,2,0,0,T,0,,,,,,,,,,,,
179,a4166950-054f-4ddc-623e-3803c53030a6,TCI #1 2023 Masters,,DMT,Masters Advanced DMT,Qualification,1,,1,TRUE,1,39500,0,99,0,,1,0,Buwalda,Basil,ICE Gymsports North Canterbury,01/01/0001,,2,19900,2,0,0,D,7,0,,,,,,,,,,,
180,a4166950-054f-4ddc-623e-3803c53030a6,TCI #1 2023 Masters,,DMT,Masters Advanced DMT,Qualification,1,,1,TRUE,1,39500,0,99,0,,1,0,Buwalda,Basil,ICE Gymsports North Canterbury,01/01/0001,,2,19900,2,0,0,H,0,0,0,,,,,,,,,,
181,a4166950-054f-4ddc-623e-3803c53030a6,TCI #1 2023 Masters,,DMT,Masters Advanced DMT,Qualification,1,,2,TRUE,4,20000,0,99,0,,1,0,McMillan,Mel,ICE Gymsports North Canterbury,01/01/0001,,1,20000,2,0,0,E1,100,,,,,,,,,,,,
182,a4166950-054f-4ddc-623e-3803c53030a6,TCI #1 2023 Masters,,DMT,Masters Advanced DMT,Qualification,1,,2,TRUE,4,20000,0,99,0,,1,0,McMillan,Mel,ICE Gymsports North Canterbury,01/01/0001,,1,20000,2,0,0,E2,100,,,,,,,,,,,,
183,a4166950-054f-4ddc-623e-3803c53030a6,TCI #1 2023 Masters,,DMT,Masters Advanced DMT,Qualification,1,,2,TRUE,4,20000,0,99,0,,1,0,McMillan,Mel,ICE Gymsports North Canterbury,01/01/0001,,1,20000,2,0,0,E3,100,,,,,,,,,,,,
184,a4166950-054f-4ddc-623e-3803c53030a6,TCI #1 2023 Masters,,DMT,Masters Advanced DMT,Qualification,1,,2,TRUE,4,20000,0,99,0,,1,0,McMillan,Mel,ICE Gymsports North Canterbury,01/01/0001,,1,20000,2,0,0,E4,100,,,,,,,,,,,,
185,a4166950-054f-4ddc-623e-3803c53030a6,TCI #1 2023 Masters,,DMT,Masters Advanced DMT,Qualification,1,,2,TRUE,4,20000,0,99,0,,1,0,McMillan,Mel,ICE Gymsports North Canterbury,01/01/0001,,1,20000,2,0,0,E5,100,,,,,,,,,,,,
186,a4166950-054f-4ddc-623e-3803c53030a6,TCI #1 2023 Masters,,DMT,Masters Advanced DMT,Qualification,1,,2,TRUE,4,20000,0,99,0,,1,0,McMillan,Mel,ICE Gymsports North Canterbury,01/01/0001,,1,20000,2,0,0,E8,100,,,,,,,,,,,,
187,a4166950-054f-4ddc-623e-3803c53030a6,TCI #1 2023 Masters,,DMT,Masters Advanced DMT,Qualification,1,,2,TRUE,4,20000,0,99,0,,1,0,McMillan,Mel,ICE Gymsports North Canterbury,01/01/0001,,1,20000,2,0,0,E∑,200,0,0,0,0,0,0,0,0,0,0,0,0
188,a4166950-054f-4ddc-623e-3803c53030a6,TCI #1 2023 Masters,,DMT,Masters Advanced DMT,Qualification,1,,2,TRUE,4,20000,0,99,0,,1,0,McMillan,Mel,ICE Gymsports North Canterbury,01/01/0001,,1,20000,2,0,0,T,0,,,,,,,,,,,,
189,a4166950-054f-4ddc-623e-3803c53030a6,TCI #1 2023 Masters,,DMT,Masters Advanced DMT,Qualification,1,,2,TRUE,4,20000,0,99,0,,1,0,McMillan,Mel,ICE Gymsports North Canterbury,01/01/0001,,1,20000,2,0,0,D,0,0,,,,,,,,,,,
190,a4166950-054f-4ddc-623e-3803c53030a6,TCI #1 2023 Masters,,DMT,Masters Advanced DMT,Qualification,1,,2,TRUE,4,20000,0,99,0,,1,0,McMillan,Mel,ICE Gymsports North Canterbury,01/01/0001,,1,20000,2,0,0,H,0,0,0,,,,,,,,,,
191,a4166950-054f-4ddc-623e-3803c53030a6,TCI #1 2023 Masters,,DMT,Masters Advanced DMT,Qualification,1,,2,TRUE,4,20000,0,99,0,,1,0,McMillan,Mel,ICE Gymsports North Canterbury,01/01/0001,,2,0,0,0,0,E1,0,,,,,,,,,,,,
192,a4166950-054f-4ddc-623e-3803c53030a6,TCI #1 2023 Masters,,DMT,Masters Advanced DMT,Qualification,1,,2,TRUE,4,20000,0,99,0,,1,0,McMillan,Mel,ICE Gymsports North Canterbury,01/01/0001,,2,0,0,0,0,E2,0,,,,,,,,,,,,
193,a4166950-054f-4ddc-623e-3803c53030a6,TCI #1 2023 Masters,,DMT,Masters Advanced DMT,Qualification,1,,2,TRUE,4,20000,0,99,0,,1,0,McMillan,Mel,ICE Gymsports North Canterbury,01/01/0001,,2,0,0,0,0,E3,0,,,,,,,,,,,,
194,a4166950-054f-4ddc-623e-3803c53030a6,TCI #1 2023 Masters,,DMT,Masters Advanced DMT,Qualification,1,,2,TRUE,4,20000,0,99,0,,1,0,McMillan,Mel,ICE Gymsports North Canterbury,01/01/0001,,2,0,0,0,0,E4,0,,,,,,,,,,,,
195,a4166950-054f-4ddc-623e-3803c53030a6,TCI #1 2023 Masters,,DMT,Masters Advanced DMT,Qualification,1,,2,TRUE,4,20000,0,99,0,,1,0,McMillan,Mel,ICE Gymsports North Canterbury,01/01/0001,,2,0,0,0,0,E5,0,,,,,,,,,,,,
196,a4166950-054f-4ddc-623e-3803c53030a6,TCI #1 2023 Masters,,DMT,Masters Advanced DMT,Qualification,1,,2,TRUE,4,20000,0,99,0,,1,0,McMillan,Mel,ICE Gymsports North Canterbury,01/01/0001,,2,0,0,0,0,E8,0,,,,,,,,,,,,
197,a4166950-054f-4ddc-623e-3803c53030a6,TCI #1 2023 Masters,,DMT,Masters Advanced DMT,Qualification,1,,2,TRUE,4,20000,0,99,0,,1,0,McMillan,Mel,ICE Gymsports North Canterbury,01/01/0001,,2,0,0,0,0,E∑,0,0,0,0,0,0,0,0,0,0,0,0,0
198,a4166950-054f-4ddc-623e-3803c53030a6,TCI #1 2023 Masters,,DMT,Masters Advanced DMT,Qualification,1,,2,TRUE,4,20000,0,99,0,,1,0,McMillan,Mel,ICE Gymsports North Canterbury,01/01/0001,,2,0,0,0,0,T,0,,,,,,,,,,,,
199,a4166950-054f-4ddc-623e-3803c53030a6,TCI #1 2023 Masters,,DMT,Masters Advanced DMT,Qualification,1,,2,TRUE,4,20000,0,99,0,,1,0,McMillan,Mel,ICE Gymsports North Canterbury,01/01/0001,,2,0,0,0,0,D,0,0,,,,,,,,,,,
200,a4166950-054f-4ddc-623e-3803c53030a6,TCI #1 2023 Masters,,DMT,Masters Advanced DMT,Qualification,1,,2,TRUE,4,20000,0,99,0,,1,0,McMillan,Mel,ICE Gymsports North Canterbury,01/01/0001,,2,0,0,0,0,H,0,0,0,,,,,,,,,,
201,a4166950-054f-4ddc-623e-3803c53030a6,TCI #1 2023 Masters,,DMT,Masters Advanced DMT,Qualification,1,,3,TRUE,2,39100,0,99,0,,1,0,LEATHART,Taryn,Dynamic Gymnastics Sports,01/01/0001,,1,19300,2,0,0,E1,93,2,3,,,,,,,,,2,
202,a4166950-054f-4ddc-623e-3803c53030a6,TCI #1 2023 Masters,,DMT,Masters Advanced DMT,Qualification,1,,3,TRUE,2,39100,0,99,0,,1,0,LEATHART,Taryn,Dynamic Gymnastics Sports,01/01/0001,,1,19300,2,0,0,E2,93,2,3,,,,,,,,,2,
203,a4166950-054f-4ddc-623e-3803c53030a6,TCI #1 2023 Masters,,DMT,Masters Advanced DMT,Qualification,1,,3,TRUE,2,39100,0,99,0,,1,0,LEATHART,Taryn,Dynamic Gymnastics Sports,01/01/0001,,1,19300,2,0,0,E3,93,2,3,,,,,,,,,2,
204,a4166950-054f-4ddc-623e-3803c53030a6,TCI #1 2023 Masters,,DMT,Masters Advanced DMT,Qualification,1,,3,TRUE,2,39100,0,99,0,,1,0,LEATHART,Taryn,Dynamic Gymnastics Sports,01/01/0001,,1,19300,2,0,0,E4,93,2,3,,,,,,,,,2,
205,a4166950-054f-4ddc-623e-3803c53030a6,TCI #1 2023 Masters,,DMT,Masters Advanced DMT,Qualification,1,,3,TRUE,2,39100,0,99,0,,1,0,LEATHART,Taryn,Dynamic Gymnastics Sports,01/01/0001,,1,19300,2,0,0,E5,100,,,,,,,,,,,,
206,a4166950-054f-4ddc-623e-3803c53030a6,TCI #1 2023 Masters,,DMT,Masters Advanced DMT,Qualification,1,,3,TRUE,2,39100,0,99,0,,1,0,LEATHART,Taryn,Dynamic Gymnastics Sports,01/01/0001,,1,19300,2,0,0,E8,100,,,,,,,,,,,,
207,a4166950-054f-4ddc-623e-3803c53030a6,TCI #1 2023 Masters,,DMT,Masters Advanced DMT,Qualification,1,,3,TRUE,2,39100,0,99,0,,1,0,LEATHART,Taryn,Dynamic Gymnastics Sports,01/01/0001,,1,19300,2,0,0,E∑,186,4,6,0,0,0,0,0,0,0,0,4,0
208,a4166950-054f-4ddc-623e-3803c53030a6,TCI #1 2023 Masters,,DMT,Masters Advanced DMT,Qualification,1,,3,TRUE,2,39100,0,99,0,,1,0,LEATHART,Taryn,Dynamic Gymnastics Sports,01/01/0001,,1,19300,2,0,0,T,0,,,,,,,,,,,,
209,a4166950-054f-4ddc-623e-3803c53030a6,TCI #1 2023 Masters,,DMT,Masters Advanced DMT,Qualification,1,,3,TRUE,2,39100,0,99,0,,1,0,LEATHART,Taryn,Dynamic Gymnastics Sports,01/01/0001,,1,19300,2,0,0,D,7,0,,,,,,,,,,,
210,a4166950-054f-4ddc-623e-3803c53030a6,TCI #1 2023 Masters,,DMT,Masters Advanced DMT,Qualification,1,,3,TRUE,2,39100,0,99,0,,1,0,LEATHART,Taryn,Dynamic Gymnastics Sports,01/01/0001,,1,19300,2,0,0,H,0,0,0,,,,,,,,,,
211,a4166950-054f-4ddc-623e-3803c53030a6,TCI #1 2023 Masters,,DMT,Masters Advanced DMT,Qualification,1,,3,TRUE,2,39100,0,99,0,,1,0,LEATHART,Taryn,Dynamic Gymnastics Sports,01/01/0001,,2,19800,2,0,0,E1,95,2,2,,,,,,,,,1,
212,a4166950-054f-4ddc-623e-3803c53030a6,TCI #1 2023 Masters,,DMT,Masters Advanced DMT,Qualification,1,,3,TRUE,2,39100,0,99,0,,1,0,LEATHART,Taryn,Dynamic Gymnastics Sports,01/01/0001,,2,19800,2,0,0,E2,96,0,3,,,,,,,,,1,
213,a4166950-054f-4ddc-623e-3803c53030a6,TCI #1 2023 Masters,,DMT,Masters Advanced DMT,Qualification,1,,3,TRUE,2,39100,0,99,0,,1,0,LEATHART,Taryn,Dynamic Gymnastics Sports,01/01/0001,,2,19800,2,0,0,E3,97,1,1,,,,,,,,,1,
214,a4166950-054f-4ddc-623e-3803c53030a6,TCI #1 2023 Masters,,DMT,Masters Advanced DMT,Qualification,1,,3,TRUE,2,39100,0,99,0,,1,0,LEATHART,Taryn,Dynamic Gymnastics Sports,01/01/0001,,2,19800,2,0,0,E4,95,1,3,,,,,,,,,1,
215,a4166950-054f-4ddc-623e-3803c53030a6,TCI #1 2023 Masters,,DMT,Masters Advanced DMT,Qualification,1,,3,TRUE,2,39100,0,99,0,,1,0,LEATHART,Taryn,Dynamic Gymnastics Sports,01/01/0001,,2,19800,2,0,0,E5,100,,,,,,,,,,,,
216,a4166950-054f-4ddc-623e-3803c53030a6,TCI #1 2023 Masters,,DMT,Masters Advanced DMT,Qualification,1,,3,TRUE,2,39100,0,99,0,,1,0,LEATHART,Taryn,Dynamic Gymnastics Sports,01/01/0001,,2,19800,2,0,0,E8,100,,,,,,,,,,,,
217,a4166950-054f-4ddc-623e-3803c53030a6,TCI #1 2023 Masters,,DMT,Masters Advanced DMT,Qualification,1,,3,TRUE,2,39100,0,99,0,,1,0,LEATHART,Taryn,Dynamic Gymnastics Sports,01/01/0001,,2,19800,2,0,0,E∑,191,2,5,0,0,0,0,0,0,0,0,2,0
218,a4166950-054f-4ddc-623e-3803c53030a6,TCI #1 2023 Masters,,DMT,Masters Advanced DMT,Qualification,1,,3,TRUE,2,39100,0,99,0,,1,0,LEATHART,Taryn,Dynamic Gymnastics Sports,01/01/0001,,2,19800,2,0,0,T,0,,,,,,,,,,,,
219,a4166950-054f-4ddc-623e-3803c53030a6,TCI #1 2023 Masters,,DMT,Masters Advanced DMT,Qualification,1,,3,TRUE,2,39100,0,99,0,,1,0,LEATHART,Taryn,Dynamic Gymnastics Sports,01/01/0001,,2,19800,2,0,0,D,7,0,,,,,,,,,,,
220,a4166950-054f-4ddc-623e-3803c53030a6,TCI #1 2023 Masters,,DMT,Masters Advanced DMT,Qualification,1,,3,TRUE,2,39100,0,99,0,,1,0,LEATHART,Taryn,Dynamic Gymnastics Sports,01/01/0001,,2,19800,2,0,0,H,0,0,0,,,,,,,,,,
221,a4166950-054f-4ddc-623e-3803c53030a6,TCI #1 2023 Masters,,DMT,Masters Advanced DMT,Qualification,1,,4,TRUE,3,38500,0,99,0,,1,0,MacGreggor,Russel,Dynamic Gymnastics Sports,01/01/0001,,1,19700,2,0,0,E1,96,2,2,,,,,,,,,,
222,a4166950-054f-4ddc-623e-3803c53030a6,TCI #1 2023 Masters,,DMT,Masters Advanced DMT,Qualification,1,,4,TRUE,3,38500,0,99,0,,1,0,MacGreggor,Russel,Dynamic Gymnastics Sports,01/01/0001,,1,19700,2,0,0,E2,96,1,3,,,,,,,,,,
223,a4166950-054f-4ddc-623e-3803c53030a6,TCI #1 2023 Masters,,DMT,Masters Advanced DMT,Qualification,1,,4,TRUE,3,38500,0,99,0,,1,0,MacGreggor,Russel,Dynamic Gymnastics Sports,01/01/0001,,1,19700,2,0,0,E3,97,1,2,,,,,,,,,,
224,a4166950-054f-4ddc-623e-3803c53030a6,TCI #1 2023 Masters,,DMT,Masters Advanced DMT,Qualification,1,,4,TRUE,3,38500,0,99,0,,1,0,MacGreggor,Russel,Dynamic Gymnastics Sports,01/01/0001,,1,19700,2,0,0,E4,95,2,3,,,,,,,,,,
225,a4166950-054f-4ddc-623e-3803c53030a6,TCI #1 2023 Masters,,DMT,Masters Advanced DMT,Qualification,1,,4,TRUE,3,38500,0,99,0,,1,0,MacGreggor,Russel,Dynamic Gymnastics Sports,01/01/0001,,1,19700,2,0,0,E5,100,,,,,,,,,,,,
226,a4166950-054f-4ddc-623e-3803c53030a6,TCI #1 2023 Masters,,DMT,Masters Advanced DMT,Qualification,1,,4,TRUE,3,38500,0,99,0,,1,0,MacGreggor,Russel,Dynamic Gymnastics Sports,01/01/0001,,1,19700,2,0,0,E8,100,,,,,,,,,,,,
227,a4166950-054f-4ddc-623e-3803c53030a6,TCI #1 2023 Masters,,DMT,Masters Advanced DMT,Qualification,1,,4,TRUE,3,38500,0,99,0,,1,0,MacGreggor,Russel,Dynamic Gymnastics Sports,01/01/0001,,1,19700,2,0,0,E∑,192,3,5,0,0,0,0,0,0,0,0,0,0
228,a4166950-054f-4ddc-623e-3803c53030a6,TCI #1 2023 Masters,,DMT,Masters Advanced DMT,Qualification,1,,4,TRUE,3,38500,0,99,0,,1,0,MacGreggor,Russel,Dynamic Gymnastics Sports,01/01/0001,,1,19700,2,0,0,T,0,,,,,,,,,,,,
229,a4166950-054f-4ddc-623e-3803c53030a6,TCI #1 2023 Masters,,DMT,Masters Advanced DMT,Qualification,1,,4,TRUE,3,38500,0,99,0,,1,0,MacGreggor,Russel,Dynamic Gymnastics Sports,01/01/0001,,1,19700,2,0,0,D,5,0,,,,,,,,,,,
230,a4166950-054f-4ddc-623e-3803c53030a6,TCI #1 2023 Masters,,DMT,Masters Advanced DMT,Qualification,1,,4,TRUE,3,38500,0,99,0,,1,0,MacGreggor,Russel,Dynamic Gymnastics Sports,01/01/0001,,1,19700,2,0,0,H,0,0,0,,,,,,,,,,
231,a4166950-054f-4ddc-623e-3803c53030a6,TCI #1 2023 Masters,,DMT,Masters Advanced DMT,Qualification,1,,4,TRUE,3,38500,0,99,0,,1,0,MacGreggor,Russel,Dynamic Gymnastics Sports,01/01/0001,,2,18800,2,0,6,E1,93,1,4,,,,,,,,,2,
232,a4166950-054f-4ddc-623e-3803c53030a6,TCI #1 2023 Masters,,DMT,Masters Advanced DMT,Qualification,1,,4,TRUE,3,38500,0,99,0,,1,0,MacGreggor,Russel,Dynamic Gymnastics Sports,01/01/0001,,2,18800,2,0,6,E2,92,2,3,,,,,,,,,3,
233,a4166950-054f-4ddc-623e-3803c53030a6,TCI #1 2023 Masters,,DMT,Masters Advanced DMT,Qualification,1,,4,TRUE,3,38500,0,99,0,,1,0,MacGreggor,Russel,Dynamic Gymnastics Sports,01/01/0001,,2,18800,2,0,6,E3,92,2,3,,,,,,,,,3,
234,a4166950-054f-4ddc-623e-3803c53030a6,TCI #1 2023 Masters,,DMT,Masters Advanced DMT,Qualification,1,,4,TRUE,3,38500,0,99,0,,1,0,MacGreggor,Russel,Dynamic Gymnastics Sports,01/01/0001,,2,18800,2,0,6,E4,94,2,3,,,,,,,,,1,
235,a4166950-054f-4ddc-623e-3803c53030a6,TCI #1 2023 Masters,,DMT,Masters Advanced DMT,Qualification,1,,4,TRUE,3,38500,0,99,0,,1,0,MacGreggor,Russel,Dynamic Gymnastics Sports,01/01/0001,,2,18800,2,0,6,E5,100,,,,,,,,,,,,
236,a4166950-054f-4ddc-623e-3803c53030a6,TCI #1 2023 Masters,,DMT,Masters Advanced DMT,Qualification,1,,4,TRUE,3,38500,0,99,0,,1,0,MacGreggor,Russel,Dynamic Gymnastics Sports,01/01/0001,,2,18800,2,0,6,E8,100,,,,,,,,,,,,
237,a4166950-054f-4ddc-623e-3803c53030a6,TCI #1 2023 Masters,,DMT,Masters Advanced DMT,Qualification,1,,4,TRUE,3,38500,0,99,0,,1,0,MacGreggor,Russel,Dynamic Gymnastics Sports,01/01/0001,,2,18800,2,0,6,E∑,185,4,6,0,0,0,0,0,0,0,0,5,0
238,a4166950-054f-4ddc-623e-3803c53030a6,TCI #1 2023 Masters,,DMT,Masters Advanced DMT,Qualification,1,,4,TRUE,3,38500,0,99,0,,1,0,MacGreggor,Russel,Dynamic Gymnastics Sports,01/01/0001,,2,18800,2,0,6,T,0,,,,,,,,,,,,
239,a4166950-054f-4ddc-623e-3803c53030a6,TCI #1 2023 Masters,,DMT,Masters Advanced DMT,Qualification,1,,4,TRUE,3,38500,0,99,0,,1,0,MacGreggor,Russel,Dynamic Gymnastics Sports,01/01/0001,,2,18800,2,0,6,D,9,0,,,,,,,,,,,
240,a4166950-054f-4ddc-623e-3803c53030a6,TCI #1 2023 Masters,,DMT,Masters Advanced DMT,Qualification,1,,4,TRUE,3,38500,0,99,0,,1,0,MacGreggor,Russel,Dynamic Gymnastics Sports,01/01/0001,,2,18800,2,0,6,H,0,0,0,,,,,,,,,,
241,a4166950-054f-4ddc-623e-3803c53030a6,TCI #1 2023 Masters,,SYN,Masters Synchronised Trampoline,Qualification,1,,1,TRUE,5,25455,0,99,0,,1,0,Glanville,Jamie,Dynamic Gymnastics Sports,01/01/0001,,1,25455,10,0,0,E1,84,0,1,1,1,2,3,2,1,3,2,,
242,a4166950-054f-4ddc-623e-3803c53030a6,TCI #1 2023 Masters,,SYN,Masters Synchronised Trampoline,Qualification,1,,1,TRUE,5,25455,0,99,0,,1,0,Glanville,Jamie,Dynamic Gymnastics Sports,01/01/0001,,1,25455,10,0,0,E2,82,1,1,1,2,2,2,2,2,2,2,1,
243,a4166950-054f-4ddc-623e-3803c53030a6,TCI #1 2023 Masters,,SYN,Masters Synchronised Trampoline,Qualification,1,,1,TRUE,5,25455,0,99,0,,1,0,Glanville,Jamie,Dynamic Gymnastics Sports,01/01/0001,,1,25455,10,0,0,E3,79,2,2,1,2,2,2,2,3,3,2,,
244,a4166950-054f-4ddc-623e-3803c53030a6,TCI #1 2023 Masters,,SYN,Masters Synchronised Trampoline,Qualification,1,,1,TRUE,5,25455,0,99,0,,1,0,Glanville,Jamie,Dynamic Gymnastics Sports,01/01/0001,,1,25455,10,0,0,E4,82,0,1,1,2,2,2,3,2,2,3,,
245,a4166950-054f-4ddc-623e-3803c53030a6,TCI #1 2023 Masters,,SYN,Masters Synchronised Trampoline,Qualification,1,,1,TRUE,5,25455,0,99,0,,1,0,Glanville,Jamie,Dynamic Gymnastics Sports,01/01/0001,,1,25455,10,0,0,E5,100,,,,,,,,,,,,
246,a4166950-054f-4ddc-623e-3803c53030a6,TCI #1 2023 Masters,,SYN,Masters Synchronised Trampoline,Qualification,1,,1,TRUE,5,25455,0,99,0,,1,0,Glanville,Jamie,Dynamic Gymnastics Sports,01/01/0001,,1,25455,10,0,0,E8,100,,,,,,,,,,,,
247,a4166950-054f-4ddc-623e-3803c53030a6,TCI #1 2023 Masters,,SYN,Masters Synchronised Trampoline,Qualification,1,,1,TRUE,5,25455,0,99,0,,1,0,Glanville,Jamie,Dynamic Gymnastics Sports,01/01/0001,,1,25455,10,0,0,E∑,8175,15,25,20,35,40,45,45,40,50,45,5,0
248,a4166950-054f-4ddc-623e-3803c53030a6,TCI #1 2023 Masters,,SYN,Masters Synchronised Trampoline,Qualification,1,,1,TRUE,5,25455,0,99,0,,1,0,Glanville,Jamie,Dynamic Gymnastics Sports,01/01/0001,,1,25455,10,0,0,T,824,,,,,,,,,,,,
249,a4166950-054f-4ddc-623e-3803c53030a6,TCI #1 2023 Masters,,SYN,Masters Synchronised Trampoline,Qualification,1,,1,TRUE,5,25455,0,99,0,,1,0,Glanville,Jamie,Dynamic Gymnastics Sports,01/01/0001,,1,25455,10,0,0,D,8,0,,,,,,,,,,,
250,a4166950-054f-4ddc-623e-3803c53030a6,TCI #1 2023 Masters,,SYN,Masters Synchronised Trampoline,Qualification,1,,1,TRUE,5,25455,0,99,0,,1,0,Glanville,Jamie,Dynamic Gymnastics Sports,01/01/0001,,1,25455,10,0,0,H,0,0,0,,,,,,,,,,
251,a4166950-054f-4ddc-623e-3803c53030a6,TCI #1 2023 Masters,,SYN,Masters Synchronised Trampoline,Qualification,1,,1,TRUE,5,25455,0,99,0,,2,0,Glanville,Nicci,Dynamic Gymnastics Sports,01/01/0001,,1,25455,10,0,0,E1,84,0,1,1,1,2,3,2,1,3,2,,
252,a4166950-054f-4ddc-623e-3803c53030a6,TCI #1 2023 Masters,,SYN,Masters Synchronised Trampoline,Qualification,1,,1,TRUE,5,25455,0,99,0,,2,0,Glanville,Nicci,Dynamic Gymnastics Sports,01/01/0001,,1,25455,10,0,0,E2,82,1,1,1,2,2,2,2,2,2,2,1,
253,a4166950-054f-4ddc-623e-3803c53030a6,TCI #1 2023 Masters,,SYN,Masters Synchronised Trampoline,Qualification,1,,1,TRUE,5,25455,0,99,0,,2,0,Glanville,Nicci,Dynamic Gymnastics Sports,01/01/0001,,1,25455,10,0,0,E3,79,2,2,1,2,2,2,2,3,3,2,,
254,a4166950-054f-4ddc-623e-3803c53030a6,TCI #1 2023 Masters,,SYN,Masters Synchronised Trampoline,Qualification,1,,1,TRUE,5,25455,0,99,0,,2,0,Glanville,Nicci,Dynamic Gymnastics Sports,01/01/0001,,1,25455,10,0,0,E4,82,0,1,1,2,2,2,3,2,2,3,,
255,a4166950-054f-4ddc-623e-3803c53030a6,TCI #1 2023 Masters,,SYN,Masters Synchronised Trampoline,Qualification,1,,1,TRUE,5,25455,0,99,0,,2,0,Glanville,Nicci,Dynamic Gymnastics Sports,01/01/0001,,1,25455,10,0,0,E5,100,,,,,,,,,,,,
256,a4166950-054f-4ddc-623e-3803c53030a6,TCI #1 2023 Masters,,SYN,Masters Synchronised Trampoline,Qualification,1,,1,TRUE,5,25455,0,99,0,,2,0,Glanville,Nicci,Dynamic Gymnastics Sports,01/01/0001,,1,25455,10,0,0,E8,100,,,,,,,,,,,,
257,a4166950-054f-4ddc-623e-3803c53030a6,TCI #1 2023 Masters,,SYN,Masters Synchronised Trampoline,Qualification,1,,1,TRUE,5,25455,0,99,0,,2,0,Glanville,Nicci,Dynamic Gymnastics Sports,01/01/0001,,1,25455,10,0,0,E∑,8175,15,25,20,35,40,45,45,40,50,45,5,0
258,a4166950-054f-4ddc-623e-3803c53030a6,TCI #1 2023 Masters,,SYN,Masters Synchronised Trampoline,Qualification,1,,1,TRUE,5,25455,0,99,0,,2,0,Glanville,Nicci,Dynamic Gymnastics Sports,01/01/0001,,1,25455,10,0,0,T,824,,,,,,,,,,,,
259,a4166950-054f-4ddc-623e-3803c53030a6,TCI #1 2023 Masters,,SYN,Masters Synchronised Trampoline,Qualification,1,,1,TRUE,5,25455,0,99,0,,2,0,Glanville,Nicci,Dynamic Gymnastics Sports,01/01/0001,,1,25455,10,0,0,D,8,0,,,,,,,,,,,
260,a4166950-054f-4ddc-623e-3803c53030a6,TCI #1 2023 Masters,,SYN,Masters Synchronised Trampoline,Qualification,1,,1,TRUE,5,25455,0,99,0,,2,0,Glanville,Nicci,Dynamic Gymnastics Sports,01/01/0001,,1,25455,10,0,0,H,0,0,0,,,,,,,,,,
261,a4166950-054f-4ddc-623e-3803c53030a6,TCI #1 2023 Masters,,SYN,Masters Synchronised Trampoline,Qualification,1,,2,TRUE,3,26940,0,99,0,,1,0,Stanley,Michelle,Dynamic Gymnastics Sports,01/01/0001,,1,26940,10,0,0,E1,91,0,1,1,1,1,2,0,1,0,2,,
262,a4166950-054f-4ddc-623e-3803c53030a6,TCI #1 2023 Masters,,SYN,Masters Synchronised Trampoline,Qualification,1,,2,TRUE,3,26940,0,99,0,,1,0,Stanley,Michelle,Dynamic Gymnastics Sports,01/01/0001,,1,26940,10,0,0,E2,79,2,2,2,1,2,2,2,2,3,3,,
263,a4166950-054f-4ddc-623e-3803c53030a6,TCI #1 2023 Masters,,SYN,Masters Synchronised Trampoline,Qualification,1,,2,TRUE,3,26940,0,99,0,,1,0,Stanley,Michelle,Dynamic Gymnastics Sports,01/01/0001,,1,26940,10,0,0,E3,83,1,2,1,1,2,2,1,1,2,3,1,
264,a4166950-054f-4ddc-623e-3803c53030a6,TCI #1 2023 Masters,,SYN,Masters Synchronised Trampoline,Qualification,1,,2,TRUE,3,26940,0,99,0,,1,0,Stanley,Michelle,Dynamic Gymnastics Sports,01/01/0001,,1,26940,10,0,0,E4,79,2,1,2,2,2,2,2,2,3,3,,
265,a4166950-054f-4ddc-623e-3803c53030a6,TCI #1 2023 Masters,,SYN,Masters Synchronised Trampoline,Qualification,1,,2,TRUE,3,26940,0,99,0,,1,0,Stanley,Michelle,Dynamic Gymnastics Sports,01/01/0001,,1,26940,10,0,0,E5,100,,,,,,,,,,,,
266,a4166950-054f-4ddc-623e-3803c53030a6,TCI #1 2023 Masters,,SYN,Masters Synchronised Trampoline,Qualification,1,,2,TRUE,3,26940,0,99,0,,1,0,Stanley,Michelle,Dynamic Gymnastics Sports,01/01/0001,,1,26940,10,0,0,E8,100,,,,,,,,,,,,
267,a4166950-054f-4ddc-623e-3803c53030a6,TCI #1 2023 Masters,,SYN,Masters Synchronised Trampoline,Qualification,1,,2,TRUE,3,26940,0,99,0,,1,0,Stanley,Michelle,Dynamic Gymnastics Sports,01/01/0001,,1,26940,10,0,0,E∑,8300,25,30,30,25,35,40,25,30,40,55,5,0
268,a4166950-054f-4ddc-623e-3803c53030a6,TCI #1 2023 Masters,,SYN,Masters Synchronised Trampoline,Qualification,1,,2,TRUE,3,26940,0,99,0,,1,0,Stanley,Michelle,Dynamic Gymnastics Sports,01/01/0001,,1,26940,10,0,0,T,877,,,,,,,,,,,,
269,a4166950-054f-4ddc-623e-3803c53030a6,TCI #1 2023 Masters,,SYN,Masters Synchronised Trampoline,Qualification,1,,2,TRUE,3,26940,0,99,0,,1,0,Stanley,Michelle,Dynamic Gymnastics Sports,01/01/0001,,1,26940,10,0,0,D,11,0,,,,,,,,,,,
270,a4166950-054f-4ddc-623e-3803c53030a6,TCI #1 2023 Masters,,SYN,Masters Synchronised Trampoline,Qualification,1,,2,TRUE,3,26940,0,99,0,,1,0,Stanley,Michelle,Dynamic Gymnastics Sports,01/01/0001,,1,26940,10,0,0,H,0,0,0,,,,,,,,,,
271,a4166950-054f-4ddc-623e-3803c53030a6,TCI #1 2023 Masters,,SYN,Masters Synchronised Trampoline,Qualification,1,,2,TRUE,3,26940,0,99,0,,2,0,Stanley,Laura,Dynamic Gymnastics Sports,01/01/0001,,1,26940,10,0,0,E1,91,0,1,1,1,1,2,0,1,0,2,,
272,a4166950-054f-4ddc-623e-3803c53030a6,TCI #1 2023 Masters,,SYN,Masters Synchronised Trampoline,Qualification,1,,2,TRUE,3,26940,0,99,0,,2,0,Stanley,Laura,Dynamic Gymnastics Sports,01/01/0001,,1,26940,10,0,0,E2,79,2,2,2,1,2,2,2,2,3,3,,
273,a4166950-054f-4ddc-623e-3803c53030a6,TCI #1 2023 Masters,,SYN,Masters Synchronised Trampoline,Qualification,1,,2,TRUE,3,26940,0,99,0,,2,0,Stanley,Laura,Dynamic Gymnastics Sports,01/01/0001,,1,26940,10,0,0,E3,83,1,2,1,1,2,2,1,1,2,3,1,
274,a4166950-054f-4ddc-623e-3803c53030a6,TCI #1 2023 Masters,,SYN,Masters Synchronised Trampoline,Qualification,1,,2,TRUE,3,26940,0,99,0,,2,0,Stanley,Laura,Dynamic Gymnastics Sports,01/01/0001,,1,26940,10,0,0,E4,79,2,1,2,2,2,2,2,2,3,3,,
275,a4166950-054f-4ddc-623e-3803c53030a6,TCI #1 2023 Masters,,SYN,Masters Synchronised Trampoline,Qualification,1,,2,TRUE,3,26940,0,99,0,,2,0,Stanley,Laura,Dynamic Gymnastics Sports,01/01/0001,,1,26940,10,0,0,E5,100,,,,,,,,,,,,
276,a4166950-054f-4ddc-623e-3803c53030a6,TCI #1 2023 Masters,,SYN,Masters Synchronised Trampoline,Qualification,1,,2,TRUE,3,26940,0,99,0,,2,0,Stanley,Laura,Dynamic Gymnastics Sports,01/01/0001,,1,26940,10,0,0,E8,100,,,,,,,,,,,,
277,a4166950-054f-4ddc-623e-3803c53030a6,TCI #1 2023 Masters,,SYN,Masters Synchronised Trampoline,Qualification,1,,2,TRUE,3,26940,0,99,0,,2,0,Stanley,Laura,Dynamic Gymnastics Sports,01/01/0001,,1,26940,10,0,0,E∑,8300,25,30,30,25,35,40,25,30,40,55,5,0
278,a4166950-054f-4ddc-623e-3803c53030a6,TCI #1 2023 Masters,,SYN,Masters Synchronised Trampoline,Qualification,1,,2,TRUE,3,26940,0,99,0,,2,0,Stanley,Laura,Dynamic Gymnastics Sports,01/01/0001,,1,26940,10,0,0,T,877,,,,,,,,,,,,
279,a4166950-054f-4ddc-623e-3803c53030a6,TCI #1 2023 Masters,,SYN,Masters Synchronised Trampoline,Qualification,1,,2,TRUE,3,26940,0,99,0,,2,0,Stanley,Laura,Dynamic Gymnastics Sports,01/01/0001,,1,26940,10,0,0,D,11,0,,,,,,,,,,,
280,a4166950-054f-4ddc-623e-3803c53030a6,TCI #1 2023 Masters,,SYN,Masters Synchronised Trampoline,Qualification,1,,2,TRUE,3,26940,0,99,0,,2,0,Stanley,Laura,Dynamic Gymnastics Sports,01/01/0001,,1,26940,10,0,0,H,0,0,0,,,,,,,,,,
281,a4166950-054f-4ddc-623e-3803c53030a6,TCI #1 2023 Masters,,SYN,Masters Synchronised Trampoline,Qualification,1,,3,TRUE,7,15330,0,99,0,,1,0,McMillan,Mel,ICE Gymsports North Canterbury,01/01/0001,,1,15330,6,0,0,E1,47,2,4,3,1,2,1,,,,,,
282,a4166950-054f-4ddc-623e-3803c53030a6,TCI #1 2023 Masters,,SYN,Masters Synchronised Trampoline,Qualification,1,,3,TRUE,7,15330,0,99,0,,1,0,McMillan,Mel,ICE Gymsports North Canterbury,01/01/0001,,1,15330,6,0,0,E2,50,2,2,1,2,2,1,,,,,,
283,a4166950-054f-4ddc-623e-3803c53030a6,TCI #1 2023 Masters,,SYN,Masters Synchronised Trampoline,Qualification,1,,3,TRUE,7,15330,0,99,0,,1,0,McMillan,Mel,ICE Gymsports North Canterbury,01/01/0001,,1,15330,6,0,0,E3,47,2,3,2,2,2,2,,,,,,
284,a4166950-054f-4ddc-623e-3803c53030a6,TCI #1 2023 Masters,,SYN,Masters Synchronised Trampoline,Qualification,1,,3,TRUE,7,15330,0,99,0,,1,0,McMillan,Mel,ICE Gymsports North Canterbury,01/01/0001,,1,15330,6,0,0,E4,46,2,2,2,3,2,3,,,,,,
285,a4166950-054f-4ddc-623e-3803c53030a6,TCI #1 2023 Masters,,SYN,Masters Synchronised Trampoline,Qualification,1,,3,TRUE,7,15330,0,99,0,,1,0,McMillan,Mel,ICE Gymsports North Canterbury,01/01/0001,,1,15330,6,0,0,E5,60,,,,,,,,,,,,
286,a4166950-054f-4ddc-623e-3803c53030a6,TCI #1 2023 Masters,,SYN,Masters Synchronised Trampoline,Qualification,1,,3,TRUE,7,15330,0,99,0,,1,0,McMillan,Mel,ICE Gymsports North Canterbury,01/01/0001,,1,15330,6,0,0,E8,60,,,,,,,,,,,,
287,a4166950-054f-4ddc-623e-3803c53030a6,TCI #1 2023 Masters,,SYN,Masters Synchronised Trampoline,Qualification,1,,3,TRUE,7,15330,0,99,0,,1,0,McMillan,Mel,ICE Gymsports North Canterbury,01/01/0001,,1,15330,6,0,0,E∑,4750,40,55,40,40,40,35,0,0,0,0,0,0
288,a4166950-054f-4ddc-623e-3803c53030a6,TCI #1 2023 Masters,,SYN,Masters Synchronised Trampoline,Qualification,1,,3,TRUE,7,15330,0,99,0,,1,0,McMillan,Mel,ICE Gymsports North Canterbury,01/01/0001,,1,15330,6,0,0,T,494,,,,,,,,,,,,
289,a4166950-054f-4ddc-623e-3803c53030a6,TCI #1 2023 Masters,,SYN,Masters Synchronised Trampoline,Qualification,1,,3,TRUE,7,15330,0,99,0,,1,0,McMillan,Mel,ICE Gymsports North Canterbury,01/01/0001,,1,15330,6,0,0,D,7,0,,,,,,,,,,,
290,a4166950-054f-4ddc-623e-3803c53030a6,TCI #1 2023 Masters,,SYN,Masters Synchronised Trampoline,Qualification,1,,3,TRUE,7,15330,0,99,0,,1,0,McMillan,Mel,ICE Gymsports North Canterbury,01/01/0001,,1,15330,6,0,0,H,0,0,0,,,,,,,,,,
291,a4166950-054f-4ddc-623e-3803c53030a6,TCI #1 2023 Masters,,SYN,Masters Synchronised Trampoline,Qualification,1,,3,TRUE,7,15330,0,99,0,,2,0,McMillan,Eilish,ICE Gymsports North Canterbury,01/01/0001,,1,15330,6,0,0,E1,47,2,4,3,1,2,1,,,,,,
292,a4166950-054f-4ddc-623e-3803c53030a6,TCI #1 2023 Masters,,SYN,Masters Synchronised Trampoline,Qualification,1,,3,TRUE,7,15330,0,99,0,,2,0,McMillan,Eilish,ICE Gymsports North Canterbury,01/01/0001,,1,15330,6,0,0,E2,50,2,2,1,2,2,1,,,,,,
293,a4166950-054f-4ddc-623e-3803c53030a6,TCI #1 2023 Masters,,SYN,Masters Synchronised Trampoline,Qualification,1,,3,TRUE,7,15330,0,99,0,,2,0,McMillan,Eilish,ICE Gymsports North Canterbury,01/01/0001,,1,15330,6,0,0,E3,47,2,3,2,2,2,2,,,,,,
294,a4166950-054f-4ddc-623e-3803c53030a6,TCI #1 2023 Masters,,SYN,Masters Synchronised Trampoline,Qualification,1,,3,TRUE,7,15330,0,99,0,,2,0,McMillan,Eilish,ICE Gymsports North Canterbury,01/01/0001,,1,15330,6,0,0,E4,46,2,2,2,3,2,3,,,,,,
295,a4166950-054f-4ddc-623e-3803c53030a6,TCI #1 2023 Masters,,SYN,Masters Synchronised Trampoline,Qualification,1,,3,TRUE,7,15330,0,99,0,,2,0,McMillan,Eilish,ICE Gymsports North Canterbury,01/01/0001,,1,15330,6,0,0,E5,60,,,,,,,,,,,,
296,a4166950-054f-4ddc-623e-3803c53030a6,TCI #1 2023 Masters,,SYN,Masters Synchronised Trampoline,Qualification,1,,3,TRUE,7,15330,0,99,0,,2,0,McMillan,Eilish,ICE Gymsports North Canterbury,01/01/0001,,1,15330,6,0,0,E8,60,,,,,,,,,,,,
297,a4166950-054f-4ddc-623e-3803c53030a6,TCI #1 2023 Masters,,SYN,Masters Synchronised Trampoline,Qualification,1,,3,TRUE,7,15330,0,99,0,,2,0,McMillan,Eilish,ICE Gymsports North Canterbury,01/01/0001,,1,15330,6,0,0,E∑,4750,40,55,40,40,40,35,0,0,0,0,0,0
298,a4166950-054f-4ddc-623e-3803c53030a6,TCI #1 2023 Masters,,SYN,Masters Synchronised Trampoline,Qualification,1,,3,TRUE,7,15330,0,99,0,,2,0,McMillan,Eilish,ICE Gymsports North Canterbury,01/01/0001,,1,15330,6,0,0,T,494,,,,,,,,,,,,
299,a4166950-054f-4ddc-623e-3803c53030a6,TCI #1 2023 Masters,,SYN,Masters Synchronised Trampoline,Qualification,1,,3,TRUE,7,15330,0,99,0,,2,0,McMillan,Eilish,ICE Gymsports North Canterbury,01/01/0001,,1,15330,6,0,0,D,7,0,,,,,,,,,,,
300,a4166950-054f-4ddc-623e-3803c53030a6,TCI #1 2023 Masters,,SYN,Masters Synchronised Trampoline,Qualification,1,,3,TRUE,7,15330,0,99,0,,2,0,McMillan,Eilish,ICE Gymsports North Canterbury,01/01/0001,,1,15330,6,0,0,H,0,0,0,,,,,,,,,,
301,a4166950-054f-4ddc-623e-3803c53030a6,TCI #1 2023 Masters,,SYN,Masters Synchronised Trampoline,Qualification,1,,4,TRUE,6,24560,0,99,0,,1,0,MacGreggor,Russel,Dynamic Gymnastics Sports,01/01/0001,,1,24560,10,0,0,E1,81,3,2,3,1,1,1,2,2,1,3,,
302,a4166950-054f-4ddc-623e-3803c53030a6,TCI #1 2023 Masters,,SYN,Masters Synchronised Trampoline,Qualification,1,,4,TRUE,6,24560,0,99,0,,1,0,MacGreggor,Russel,Dynamic Gymnastics Sports,01/01/0001,,1,24560,10,0,0,E2,79,2,3,3,2,2,2,1,2,2,2,,
303,a4166950-054f-4ddc-623e-3803c53030a6,TCI #1 2023 Masters,,SYN,Masters Synchronised Trampoline,Qualification,1,,4,TRUE,6,24560,0,99,0,,1,0,MacGreggor,Russel,Dynamic Gymnastics Sports,01/01/0001,,1,24560,10,0,0,E3,76,3,3,0,2,2,2,3,2,3,3,1,
304,a4166950-054f-4ddc-623e-3803c53030a6,TCI #1 2023 Masters,,SYN,Masters Synchronised Trampoline,Qualification,1,,4,TRUE,6,24560,0,99,0,,1,0,MacGreggor,Russel,Dynamic Gymnastics Sports,01/01/0001,,1,24560,10,0,0,E4,76,3,2,3,4,2,3,2,2,1,2,,
305,a4166950-054f-4ddc-623e-3803c53030a6,TCI #1 2023 Masters,,SYN,Masters Synchronised Trampoline,Qualification,1,,4,TRUE,6,24560,0,99,0,,1,0,MacGreggor,Russel,Dynamic Gymnastics Sports,01/01/0001,,1,24560,10,0,0,E5,100,,,,,,,,,,,,
306,a4166950-054f-4ddc-623e-3803c53030a6,TCI #1 2023 Masters,,SYN,Masters Synchronised Trampoline,Qualification,1,,4,TRUE,6,24560,0,99,0,,1,0,MacGreggor,Russel,Dynamic Gymnastics Sports,01/01/0001,,1,24560,10,0,0,E8,100,,,,,,,,,,,,
307,a4166950-054f-4ddc-623e-3803c53030a6,TCI #1 2023 Masters,,SYN,Masters Synchronised Trampoline,Qualification,1,,4,TRUE,6,24560,0,99,0,,1,0,MacGreggor,Russel,Dynamic Gymnastics Sports,01/01/0001,,1,24560,10,0,0,E∑,7800,55,50,45,45,35,40,40,40,35,50,5,0
308,a4166950-054f-4ddc-623e-3803c53030a6,TCI #1 2023 Masters,,SYN,Masters Synchronised Trampoline,Qualification,1,,4,TRUE,6,24560,0,99,0,,1,0,MacGreggor,Russel,Dynamic Gymnastics Sports,01/01/0001,,1,24560,10,0,0,T,778,,,,,,,,,,,,
309,a4166950-054f-4ddc-623e-3803c53030a6,TCI #1 2023 Masters,,SYN,Masters Synchronised Trampoline,Qualification,1,,4,TRUE,6,24560,0,99,0,,1,0,MacGreggor,Russel,Dynamic Gymnastics Sports,01/01/0001,,1,24560,10,0,0,D,12,0,,,,,,,,,,,
310,a4166950-054f-4ddc-623e-3803c53030a6,TCI #1 2023 Masters,,SYN,Masters Synchronised Trampoline,Qualification,1,,4,TRUE,6,24560,0,99,0,,1,0,MacGreggor,Russel,Dynamic Gymnastics Sports,01/01/0001,,1,24560,10,0,0,H,0,0,0,,,,,,,,,,
311,a4166950-054f-4ddc-623e-3803c53030a6,TCI #1 2023 Masters,,SYN,Masters Synchronised Trampoline,Qualification,1,,4,TRUE,6,24560,0,99,0,,2,0,Stanley,Jack,Dynamic Gymnastics Sports,01/01/0001,,1,24560,10,0,0,E1,81,3,2,3,1,1,1,2,2,1,3,,
312,a4166950-054f-4ddc-623e-3803c53030a6,TCI #1 2023 Masters,,SYN,Masters Synchronised Trampoline,Qualification,1,,4,TRUE,6,24560,0,99,0,,2,0,Stanley,Jack,Dynamic Gymnastics Sports,01/01/0001,,1,24560,10,0,0,E2,79,2,3,3,2,2,2,1,2,2,2,,
313,a4166950-054f-4ddc-623e-3803c53030a6,TCI #1 2023 Masters,,SYN,Masters Synchronised Trampoline,Qualification,1,,4,TRUE,6,24560,0,99,0,,2,0,Stanley,Jack,Dynamic Gymnastics Sports,01/01/0001,,1,24560,10,0,0,E3,76,3,3,0,2,2,2,3,2,3,3,1,
314,a4166950-054f-4ddc-623e-3803c53030a6,TCI #1 2023 Masters,,SYN,Masters Synchronised Trampoline,Qualification,1,,4,TRUE,6,24560,0,99,0,,2,0,Stanley,Jack,Dynamic Gymnastics Sports,01/01/0001,,1,24560,10,0,0,E4,76,3,2,3,4,2,3,2,2,1,2,,
315,a4166950-054f-4ddc-623e-3803c53030a6,TCI #1 2023 Masters,,SYN,Masters Synchronised Trampoline,Qualification,1,,4,TRUE,6,24560,0,99,0,,2,0,Stanley,Jack,Dynamic Gymnastics Sports,01/01/0001,,1,24560,10,0,0,E5,100,,,,,,,,,,,,
316,a4166950-054f-4ddc-623e-3803c53030a6,TCI #1 2023 Masters,,SYN,Masters Synchronised Trampoline,Qualification,1,,4,TRUE,6,24560,0,99,0,,2,0,Stanley,Jack,Dynamic Gymnastics Sports,01/01/0001,,1,24560,10,0,0,E8,100,,,,,,,,,,,,
317,a4166950-054f-4ddc-623e-3803c53030a6,TCI #1 2023 Masters,,SYN,Masters Synchronised Trampoline,Qualification,1,,4,TRUE,6,24560,0,99,0,,2,0,Stanley,Jack,Dynamic Gymnastics Sports,01/01/0001,,1,24560,10,0,0,E∑,7800,55,50,45,45,35,40,40,40,35,50,5,0
318,a4166950-054f-4ddc-623e-3803c53030a6,TCI #1 2023 Masters,,SYN,Masters Synchronised Trampoline,Qualification,1,,4,TRUE,6,24560,0,99,0,,2,0,Stanley,Jack,Dynamic Gymnastics Sports,01/01/0001,,1,24560,10,0,0,T,778,,,,,,,,,,,,
319,a4166950-054f-4ddc-623e-3803c53030a6,TCI #1 2023 Masters,,SYN,Masters Synchronised Trampoline,Qualification,1,,4,TRUE,6,24560,0,99,0,,2,0,Stanley,Jack,Dynamic Gymnastics Sports,01/01/0001,,1,24560,10,0,0,D,12,0,,,,,,,,,,,
320,a4166950-054f-4ddc-623e-3803c53030a6,TCI #1 2023 Masters,,SYN,Masters Synchronised Trampoline,Qualification,1,,4,TRUE,6,24560,0,99,0,,2,0,Stanley,Jack,Dynamic Gymnastics Sports,01/01/0001,,1,24560,10,0,0,H,0,0,0,,,,,,,,,,
321,a4166950-054f-4ddc-623e-3803c53030a6,TCI #1 2023 Masters,,SYN,Masters Synchronised Trampoline,Qualification,1,,5,TRUE,2,28080,0,99,0,,1,0,Humphreys,Nigel,ICE Gymsports North Canterbury,01/01/0001,,1,28080,10,0,0,E1,89,2,1,1,1,0,0,0,1,2,3,,
322,a4166950-054f-4ddc-623e-3803c53030a6,TCI #1 2023 Masters,,SYN,Masters Synchronised Trampoline,Qualification,1,,5,TRUE,2,28080,0,99,0,,1,0,Humphreys,Nigel,ICE Gymsports North Canterbury,01/01/0001,,1,28080,10,0,0,E2,77,2,2,2,2,3,2,2,2,2,2,2,
323,a4166950-054f-4ddc-623e-3803c53030a6,TCI #1 2023 Masters,,SYN,Masters Synchronised Trampoline,Qualification,1,,5,TRUE,2,28080,0,99,0,,1,0,Humphreys,Nigel,ICE Gymsports North Canterbury,01/01/0001,,1,28080,10,0,0,E3,79,2,1,2,2,2,2,2,3,2,3,,
324,a4166950-054f-4ddc-623e-3803c53030a6,TCI #1 2023 Masters,,SYN,Masters Synchronised Trampoline,Qualification,1,,5,TRUE,2,28080,0,99,0,,1,0,Humphreys,Nigel,ICE Gymsports North Canterbury,01/01/0001,,1,28080,10,0,0,E4,79,2,2,2,2,2,2,2,2,2,2,1,
325,a4166950-054f-4ddc-623e-3803c53030a6,TCI #1 2023 Masters,,SYN,Masters Synchronised Trampoline,Qualification,1,,5,TRUE,2,28080,0,99,0,,1,0,Humphreys,Nigel,ICE Gymsports North Canterbury,01/01/0001,,1,28080,10,0,0,E5,100,,,,,,,,,,,,
326,a4166950-054f-4ddc-623e-3803c53030a6,TCI #1 2023 Masters,,SYN,Masters Synchronised Trampoline,Qualification,1,,5,TRUE,2,28080,0,99,0,,1,0,Humphreys,Nigel,ICE Gymsports North Canterbury,01/01/0001,,1,28080,10,0,0,E8,100,,,,,,,,,,,,
327,a4166950-054f-4ddc-623e-3803c53030a6,TCI #1 2023 Masters,,SYN,Masters Synchronised Trampoline,Qualification,1,,5,TRUE,2,28080,0,99,0,,1,0,Humphreys,Nigel,ICE Gymsports North Canterbury,01/01/0001,,1,28080,10,0,0,E∑,8100,40,30,35,35,35,30,30,40,40,50,15,0
328,a4166950-054f-4ddc-623e-3803c53030a6,TCI #1 2023 Masters,,SYN,Masters Synchronised Trampoline,Qualification,1,,5,TRUE,2,28080,0,99,0,,1,0,Humphreys,Nigel,ICE Gymsports North Canterbury,01/01/0001,,1,28080,10,0,0,T,909,,,,,,,,,,,,
329,a4166950-054f-4ddc-623e-3803c53030a6,TCI #1 2023 Masters,,SYN,Masters Synchronised Trampoline,Qualification,1,,5,TRUE,2,28080,0,99,0,,1,0,Humphreys,Nigel,ICE Gymsports North Canterbury,01/01/0001,,1,28080,10,0,0,D,18,0,,,,,,,,,,,
330,a4166950-054f-4ddc-623e-3803c53030a6,TCI #1 2023 Masters,,SYN,Masters Synchronised Trampoline,Qualification,1,,5,TRUE,2,28080,0,99,0,,1,0,Humphreys,Nigel,ICE Gymsports North Canterbury,01/01/0001,,1,28080,10,0,0,H,0,0,0,,,,,,,,,,
331,a4166950-054f-4ddc-623e-3803c53030a6,TCI #1 2023 Masters,,SYN,Masters Synchronised Trampoline,Qualification,1,,5,TRUE,2,28080,0,99,0,,2,0,Wicksteed,Sienna,ICE Gymsports North Canterbury,01/01/0001,,1,28080,10,0,0,E1,89,2,1,1,1,0,0,0,1,2,3,,
332,a4166950-054f-4ddc-623e-3803c53030a6,TCI #1 2023 Masters,,SYN,Masters Synchronised Trampoline,Qualification,1,,5,TRUE,2,28080,0,99,0,,2,0,Wicksteed,Sienna,ICE Gymsports North Canterbury,01/01/0001,,1,28080,10,0,0,E2,77,2,2,2,2,3,2,2,2,2,2,2,
333,a4166950-054f-4ddc-623e-3803c53030a6,TCI #1 2023 Masters,,SYN,Masters Synchronised Trampoline,Qualification,1,,5,TRUE,2,28080,0,99,0,,2,0,Wicksteed,Sienna,ICE Gymsports North Canterbury,01/01/0001,,1,28080,10,0,0,E3,79,2,1,2,2,2,2,2,3,2,3,,
334,a4166950-054f-4ddc-623e-3803c53030a6,TCI #1 2023 Masters,,SYN,Masters Synchronised Trampoline,Qualification,1,,5,TRUE,2,28080,0,99,0,,2,0,Wicksteed,Sienna,ICE Gymsports North Canterbury,01/01/0001,,1,28080,10,0,0,E4,79,2,2,2,2,2,2,2,2,2,2,1,
335,a4166950-054f-4ddc-623e-3803c53030a6,TCI #1 2023 Masters,,SYN,Masters Synchronised Trampoline,Qualification,1,,5,TRUE,2,28080,0,99,0,,2,0,Wicksteed,Sienna,ICE Gymsports North Canterbury,01/01/0001,,1,28080,10,0,0,E5,100,,,,,,,,,,,,
336,a4166950-054f-4ddc-623e-3803c53030a6,TCI #1 2023 Masters,,SYN,Masters Synchronised Trampoline,Qualification,1,,5,TRUE,2,28080,0,99,0,,2,0,Wicksteed,Sienna,ICE Gymsports North Canterbury,01/01/0001,,1,28080,10,0,0,E8,100,,,,,,,,,,,,
337,a4166950-054f-4ddc-623e-3803c53030a6,TCI #1 2023 Masters,,SYN,Masters Synchronised Trampoline,Qualification,1,,5,TRUE,2,28080,0,99,0,,2,0,Wicksteed,Sienna,ICE Gymsports North Canterbury,01/01/0001,,1,28080,10,0,0,E∑,8100,40,30,35,35,35,30,30,40,40,50,15,0
338,a4166950-054f-4ddc-623e-3803c53030a6,TCI #1 2023 Masters,,SYN,Masters Synchronised Trampoline,Qualification,1,,5,TRUE,2,28080,0,99,0,,2,0,Wicksteed,Sienna,ICE Gymsports North Canterbury,01/01/0001,,1,28080,10,0,0,T,909,,,,,,,,,,,,
339,a4166950-054f-4ddc-623e-3803c53030a6,TCI #1 2023 Masters,,SYN,Masters Synchronised Trampoline,Qualification,1,,5,TRUE,2,28080,0,99,0,,2,0,Wicksteed,Sienna,ICE Gymsports North Canterbury,01/01/0001,,1,28080,10,0,0,D,18,0,,,,,,,,,,,
340,a4166950-054f-4ddc-623e-3803c53030a6,TCI #1 2023 Masters,,SYN,Masters Synchronised Trampoline,Qualification,1,,5,TRUE,2,28080,0,99,0,,2,0,Wicksteed,Sienna,ICE Gymsports North Canterbury,01/01/0001,,1,28080,10,0,0,H,0,0,0,,,,,,,,,,
341,a4166950-054f-4ddc-623e-3803c53030a6,TCI #1 2023 Masters,,SYN,Masters Synchronised Trampoline,Qualification,1,,6,TRUE,1,28965,0,99,0,,1,0,Dibb,Bronwyn,ICE,01/01/0001,,1,28965,10,0,0,E1,85,2,1,1,1,1,2,1,0,3,3,,
342,a4166950-054f-4ddc-623e-3803c53030a6,TCI #1 2023 Masters,,SYN,Masters Synchronised Trampoline,Qualification,1,,6,TRUE,1,28965,0,99,0,,1,0,Dibb,Bronwyn,ICE,01/01/0001,,1,28965,10,0,0,E2,91,1,1,1,0,1,1,1,1,1,1,,
343,a4166950-054f-4ddc-623e-3803c53030a6,TCI #1 2023 Masters,,SYN,Masters Synchronised Trampoline,Qualification,1,,6,TRUE,1,28965,0,99,0,,1,0,Dibb,Bronwyn,ICE,01/01/0001,,1,28965,10,0,0,E3,81,2,2,2,1,1,2,2,1,3,3,,
344,a4166950-054f-4ddc-623e-3803c53030a6,TCI #1 2023 Masters,,SYN,Masters Synchronised Trampoline,Qualification,1,,6,TRUE,1,28965,0,99,0,,1,0,Dibb,Bronwyn,ICE,01/01/0001,,1,28965,10,0,0,E4,96,0,1,0,1,1,0,0,0,0,1,,
345,a4166950-054f-4ddc-623e-3803c53030a6,TCI #1 2023 Masters,,SYN,Masters Synchronised Trampoline,Qualification,1,,6,TRUE,1,28965,0,99,0,,1,0,Dibb,Bronwyn,ICE,01/01/0001,,1,28965,10,0,0,E5,100,,,,,,,,,,,,
346,a4166950-054f-4ddc-623e-3803c53030a6,TCI #1 2023 Masters,,SYN,Masters Synchronised Trampoline,Qualification,1,,6,TRUE,1,28965,0,99,0,,1,0,Dibb,Bronwyn,ICE,01/01/0001,,1,28965,10,0,0,E8,100,,,,,,,,,,,,
347,a4166950-054f-4ddc-623e-3803c53030a6,TCI #1 2023 Masters,,SYN,Masters Synchronised Trampoline,Qualification,1,,6,TRUE,1,28965,0,99,0,,1,0,Dibb,Bronwyn,ICE,01/01/0001,,1,28965,10,0,0,E∑,8825,25,25,20,15,20,25,20,10,35,40,0,0
348,a4166950-054f-4ddc-623e-3803c53030a6,TCI #1 2023 Masters,,SYN,Masters Synchronised Trampoline,Qualification,1,,6,TRUE,1,28965,0,99,0,,1,0,Dibb,Bronwyn,ICE,01/01/0001,,1,28965,10,0,0,T,897,,,,,,,,,,,,
349,a4166950-054f-4ddc-623e-3803c53030a6,TCI #1 2023 Masters,,SYN,Masters Synchronised Trampoline,Qualification,1,,6,TRUE,1,28965,0,99,0,,1,0,Dibb,Bronwyn,ICE,01/01/0001,,1,28965,10,0,0,D,22,0,,,,,,,,,,,
350,a4166950-054f-4ddc-623e-3803c53030a6,TCI #1 2023 Masters,,SYN,Masters Synchronised Trampoline,Qualification,1,,6,TRUE,1,28965,0,99,0,,1,0,Dibb,Bronwyn,ICE,01/01/0001,,1,28965,10,0,0,H,0,0,0,,,,,,,,,,
351,a4166950-054f-4ddc-623e-3803c53030a6,TCI #1 2023 Masters,,SYN,Masters Synchronised Trampoline,Qualification,1,,6,TRUE,1,28965,0,99,0,,2,0,COWAN,Jacob,ICE,01/01/0001,,1,28965,10,0,0,E1,85,2,1,1,1,1,2,1,0,3,3,,
352,a4166950-054f-4ddc-623e-3803c53030a6,TCI #1 2023 Masters,,SYN,Masters Synchronised Trampoline,Qualification,1,,6,TRUE,1,28965,0,99,0,,2,0,COWAN,Jacob,ICE,01/01/0001,,1,28965,10,0,0,E2,91,1,1,1,0,1,1,1,1,1,1,,
353,a4166950-054f-4ddc-623e-3803c53030a6,TCI #1 2023 Masters,,SYN,Masters Synchronised Trampoline,Qualification,1,,6,TRUE,1,28965,0,99,0,,2,0,COWAN,Jacob,ICE,01/01/0001,,1,28965,10,0,0,E3,81,2,2,2,1,1,2,2,1,3,3,,
354,a4166950-054f-4ddc-623e-3803c53030a6,TCI #1 2023 Masters,,SYN,Masters Synchronised Trampoline,Qualification,1,,6,TRUE,1,28965,0,99,0,,2,0,COWAN,Jacob,ICE,01/01/0001,,1,28965,10,0,0,E4,96,0,1,0,1,1,0,0,0,0,1,,
355,a4166950-054f-4ddc-623e-3803c53030a6,TCI #1 2023 Masters,,SYN,Masters Synchronised Trampoline,Qualification,1,,6,TRUE,1,28965,0,99,0,,2,0,COWAN,Jacob,ICE,01/01/0001,,1,28965,10,0,0,E5,100,,,,,,,,,,,,
356,a4166950-054f-4ddc-623e-3803c53030a6,TCI #1 2023 Masters,,SYN,Masters Synchronised Trampoline,Qualification,1,,6,TRUE,1,28965,0,99,0,,2,0,COWAN,Jacob,ICE,01/01/0001,,1,28965,10,0,0,E8,100,,,,,,,,,,,,
357,a4166950-054f-4ddc-623e-3803c53030a6,TCI #1 2023 Masters,,SYN,Masters Synchronised Trampoline,Qualification,1,,6,TRUE,1,28965,0,99,0,,2,0,COWAN,Jacob,ICE,01/01/0001,,1,28965,10,0,0,E∑,8825,25,25,20,15,20,25,20,10,35,40,0,0
358,a4166950-054f-4ddc-623e-3803c53030a6,TCI #1 2023 Masters,,SYN,Masters Synchronised Trampoline,Qualification,1,,6,TRUE,1,28965,0,99,0,,2,0,COWAN,Jacob,ICE,01/01/0001,,1,28965,10,0,0,T,897,,,,,,,,,,,,
359,a4166950-054f-4ddc-623e-3803c53030a6,TCI #1 2023 Masters,,SYN,Masters Synchronised Trampoline,Qualification,1,,6,TRUE,1,28965,0,99,0,,2,0,COWAN,Jacob,ICE,01/01/0001,,1,28965,10,0,0,D,22,0,,,,,,,,,,,
360,a4166950-054f-4ddc-623e-3803c53030a6,TCI #1 2023 Masters,,SYN,Masters Synchronised Trampoline,Qualification,1,,6,TRUE,1,28965,0,99,0,,2,0,COWAN,Jacob,ICE,01/01/0001,,1,28965,10,0,0,H,0,0,0,,,,,,,,,,
361,a4166950-054f-4ddc-623e-3803c53030a6,TCI #1 2023 Masters,,SYN,Masters Synchronised Trampoline,Qualification,1,,7,TRUE,8,10000,0,99,0,,1,0,Buwalda,Basil,ICE Gymsports North Canterbury,01/01/0001,,1,10000,10,0,0,E1,100,,,,,,,,,,,,
362,a4166950-054f-4ddc-623e-3803c53030a6,TCI #1 2023 Masters,,SYN,Masters Synchronised Trampoline,Qualification,1,,7,TRUE,8,10000,0,99,0,,1,0,Buwalda,Basil,ICE Gymsports North Canterbury,01/01/0001,,1,10000,10,0,0,E2,100,,,,,,,,,,,,
363,a4166950-054f-4ddc-623e-3803c53030a6,TCI #1 2023 Masters,,SYN,Masters Synchronised Trampoline,Qualification,1,,7,TRUE,8,10000,0,99,0,,1,0,Buwalda,Basil,ICE Gymsports North Canterbury,01/01/0001,,1,10000,10,0,0,E3,100,,,,,,,,,,,,
364,a4166950-054f-4ddc-623e-3803c53030a6,TCI #1 2023 Masters,,SYN,Masters Synchronised Trampoline,Qualification,1,,7,TRUE,8,10000,0,99,0,,1,0,Buwalda,Basil,ICE Gymsports North Canterbury,01/01/0001,,1,10000,10,0,0,E4,100,,,,,,,,,,,,
365,a4166950-054f-4ddc-623e-3803c53030a6,TCI #1 2023 Masters,,SYN,Masters Synchronised Trampoline,Qualification,1,,7,TRUE,8,10000,0,99,0,,1,0,Buwalda,Basil,ICE Gymsports North Canterbury,01/01/0001,,1,10000,10,0,0,E5,100,,,,,,,,,,,,
366,a4166950-054f-4ddc-623e-3803c53030a6,TCI #1 2023 Masters,,SYN,Masters Synchronised Trampoline,Qualification,1,,7,TRUE,8,10000,0,99,0,,1,0,Buwalda,Basil,ICE Gymsports North Canterbury,01/01/0001,,1,10000,10,0,0,E8,100,,,,,,,,,,,,
367,a4166950-054f-4ddc-623e-3803c53030a6,TCI #1 2023 Masters,,SYN,Masters Synchronised Trampoline,Qualification,1,,7,TRUE,8,10000,0,99,0,,1,0,Buwalda,Basil,ICE Gymsports North Canterbury,01/01/0001,,1,10000,10,0,0,E∑,10000,0,0,0,0,0,0,0,0,0,0,0,0
368,a4166950-054f-4ddc-623e-3803c53030a6,TCI #1 2023 Masters,,SYN,Masters Synchronised Trampoline,Qualification,1,,7,TRUE,8,10000,0,99,0,,1,0,Buwalda,Basil,ICE Gymsports North Canterbury,01/01/0001,,1,10000,10,0,0,T,0,,,,,,,,,,,,
369,a4166950-054f-4ddc-623e-3803c53030a6,TCI #1 2023 Masters,,SYN,Masters Synchronised Trampoline,Qualification,1,,7,TRUE,8,10000,0,99,0,,1,0,Buwalda,Basil,ICE Gymsports North Canterbury,01/01/0001,,1,10000,10,0,0,D,0,0,,,,,,,,,,,
370,a4166950-054f-4ddc-623e-3803c53030a6,TCI #1 2023 Masters,,SYN,Masters Synchronised Trampoline,Qualification,1,,7,TRUE,8,10000,0,99,0,,1,0,Buwalda,Basil,ICE Gymsports North Canterbury,01/01/0001,,1,10000,10,0,0,H,0,0,0,,,,,,,,,,
371,a4166950-054f-4ddc-623e-3803c53030a6,TCI #1 2023 Masters,,SYN,Masters Synchronised Trampoline,Qualification,1,,7,TRUE,8,10000,0,99,0,,2,0,BALWALDA,Jett,ICE,01/01/0001,,1,10000,10,0,0,E1,100,,,,,,,,,,,,
372,a4166950-054f-4ddc-623e-3803c53030a6,TCI #1 2023 Masters,,SYN,Masters Synchronised Trampoline,Qualification,1,,7,TRUE,8,10000,0,99,0,,2,0,BALWALDA,Jett,ICE,01/01/0001,,1,10000,10,0,0,E2,100,,,,,,,,,,,,
373,a4166950-054f-4ddc-623e-3803c53030a6,TCI #1 2023 Masters,,SYN,Masters Synchronised Trampoline,Qualification,1,,7,TRUE,8,10000,0,99,0,,2,0,BALWALDA,Jett,ICE,01/01/0001,,1,10000,10,0,0,E3,100,,,,,,,,,,,,
374,a4166950-054f-4ddc-623e-3803c53030a6,TCI #1 2023 Masters,,SYN,Masters Synchronised Trampoline,Qualification,1,,7,TRUE,8,10000,0,99,0,,2,0,BALWALDA,Jett,ICE,01/01/0001,,1,10000,10,0,0,E4,100,,,,,,,,,,,,
375,a4166950-054f-4ddc-623e-3803c53030a6,TCI #1 2023 Masters,,SYN,Masters Synchronised Trampoline,Qualification,1,,7,TRUE,8,10000,0,99,0,,2,0,BALWALDA,Jett,ICE,01/01/0001,,1,10000,10,0,0,E5,100,,,,,,,,,,,,
376,a4166950-054f-4ddc-623e-3803c53030a6,TCI #1 2023 Masters,,SYN,Masters Synchronised Trampoline,Qualification,1,,7,TRUE,8,10000,0,99,0,,2,0,BALWALDA,Jett,ICE,01/01/0001,,1,10000,10,0,0,E8,100,,,,,,,,,,,,
377,a4166950-054f-4ddc-623e-3803c53030a6,TCI #1 2023 Masters,,SYN,Masters Synchronised Trampoline,Qualification,1,,7,TRUE,8,10000,0,99,0,,2,0,BALWALDA,Jett,ICE,01/01/0001,,1,10000,10,0,0,E∑,10000,0,0,0,0,0,0,0,0,0,0,0,0
378,a4166950-054f-4ddc-623e-3803c53030a6,TCI #1 2023 Masters,,SYN,Masters Synchronised Trampoline,Qualification,1,,7,TRUE,8,10000,0,99,0,,2,0,BALWALDA,Jett,ICE,01/01/0001,,1,10000,10,0,0,T,0,,,,,,,,,,,,
379,a4166950-054f-4ddc-623e-3803c53030a6,TCI #1 2023 Masters,,SYN,Masters Synchronised Trampoline,Qualification,1,,7,TRUE,8,10000,0,99,0,,2,0,BALWALDA,Jett,ICE,01/01/0001,,1,10000,10,0,0,D,0,0,,,,,,,,,,,
380,a4166950-054f-4ddc-623e-3803c53030a6,TCI #1 2023 Masters,,SYN,Masters Synchronised Trampoline,Qualification,1,,7,TRUE,8,10000,0,99,0,,2,0,BALWALDA,Jett,ICE,01/01/0001,,1,10000,10,0,0,H,0,0,0,,,,,,,,,,
381,a4166950-054f-4ddc-623e-3803c53030a6,TCI #1 2023 Masters,,SYN,Masters Synchronised Trampoline,Qualification,1,,8,TRUE,4,25600,0,99,0,,1,0,MacMillan,Henrietta,ICE,01/01/0001,,1,25600,10,0,0,E1,84,2,1,2,2,2,0,2,2,1,2,,
382,a4166950-054f-4ddc-623e-3803c53030a6,TCI #1 2023 Masters,,SYN,Masters Synchronised Trampoline,Qualification,1,,8,TRUE,4,25600,0,99,0,,1,0,MacMillan,Henrietta,ICE,01/01/0001,,1,25600,10,0,0,E2,79,2,2,2,2,2,1,2,2,3,3,,
383,a4166950-054f-4ddc-623e-3803c53030a6,TCI #1 2023 Masters,,SYN,Masters Synchronised Trampoline,Qualification,1,,8,TRUE,4,25600,0,99,0,,1,0,MacMillan,Henrietta,ICE,01/01/0001,,1,25600,10,0,0,E3,84,2,1,2,2,2,0,2,2,1,2,,
384,a4166950-054f-4ddc-623e-3803c53030a6,TCI #1 2023 Masters,,SYN,Masters Synchronised Trampoline,Qualification,1,,8,TRUE,4,25600,0,99,0,,1,0,MacMillan,Henrietta,ICE,01/01/0001,,1,25600,10,0,0,E4,73,2,2,2,2,3,3,3,2,3,3,2,
385,a4166950-054f-4ddc-623e-3803c53030a6,TCI #1 2023 Masters,,SYN,Masters Synchronised Trampoline,Qualification,1,,8,TRUE,4,25600,0,99,0,,1,0,MacMillan,Henrietta,ICE,01/01/0001,,1,25600,10,0,0,E5,100,,,,,,,,,,,,
386,a4166950-054f-4ddc-623e-3803c53030a6,TCI #1 2023 Masters,,SYN,Masters Synchronised Trampoline,Qualification,1,,8,TRUE,4,25600,0,99,0,,1,0,MacMillan,Henrietta,ICE,01/01/0001,,1,25600,10,0,0,E8,100,,,,,,,,,,,,
387,a4166950-054f-4ddc-623e-3803c53030a6,TCI #1 2023 Masters,,SYN,Masters Synchronised Trampoline,Qualification,1,,8,TRUE,4,25600,0,99,0,,1,0,MacMillan,Henrietta,ICE,01/01/0001,,1,25600,10,0,0,E∑,8000,40,30,40,40,45,20,45,40,40,50,10,0
388,a4166950-054f-4ddc-623e-3803c53030a6,TCI #1 2023 Masters,,SYN,Masters Synchronised Trampoline,Qualification,1,,8,TRUE,4,25600,0,99,0,,1,0,MacMillan,Henrietta,ICE,01/01/0001,,1,25600,10,0,0,T,820,,,,,,,,,,,,
389,a4166950-054f-4ddc-623e-3803c53030a6,TCI #1 2023 Masters,,SYN,Masters Synchronised Trampoline,Qualification,1,,8,TRUE,4,25600,0,99,0,,1,0,MacMillan,Henrietta,ICE,01/01/0001,,1,25600,10,0,0,D,12,0,,,,,,,,,,,
390,a4166950-054f-4ddc-623e-3803c53030a6,TCI #1 2023 Masters,,SYN,Masters Synchronised Trampoline,Qualification,1,,8,TRUE,4,25600,0,99,0,,1,0,MacMillan,Henrietta,ICE,01/01/0001,,1,25600,10,0,0,H,0,0,0,,,,,,,,,,
391,a4166950-054f-4ddc-623e-3803c53030a6,TCI #1 2023 Masters,,SYN,Masters Synchronised Trampoline,Qualification,1,,8,TRUE,4,25600,0,99,0,,2,0,LUCAS,Lucy,ICE,01/01/0001,,1,25600,10,0,0,E1,84,2,1,2,2,2,0,2,2,1,2,,
392,a4166950-054f-4ddc-623e-3803c53030a6,TCI #1 2023 Masters,,SYN,Masters Synchronised Trampoline,Qualification,1,,8,TRUE,4,25600,0,99,0,,2,0,LUCAS,Lucy,ICE,01/01/0001,,1,25600,10,0,0,E2,79,2,2,2,2,2,1,2,2,3,3,,
393,a4166950-054f-4ddc-623e-3803c53030a6,TCI #1 2023 Masters,,SYN,Masters Synchronised Trampoline,Qualification,1,,8,TRUE,4,25600,0,99,0,,2,0,LUCAS,Lucy,ICE,01/01/0001,,1,25600,10,0,0,E3,84,2,1,2,2,2,0,2,2,1,2,,
394,a4166950-054f-4ddc-623e-3803c53030a6,TCI #1 2023 Masters,,SYN,Masters Synchronised Trampoline,Qualification,1,,8,TRUE,4,25600,0,99,0,,2,0,LUCAS,Lucy,ICE,01/01/0001,,1,25600,10,0,0,E4,73,2,2,2,2,3,3,3,2,3,3,2,
395,a4166950-054f-4ddc-623e-3803c53030a6,TCI #1 2023 Masters,,SYN,Masters Synchronised Trampoline,Qualification,1,,8,TRUE,4,25600,0,99,0,,2,0,LUCAS,Lucy,ICE,01/01/0001,,1,25600,10,0,0,E5,100,,,,,,,,,,,,
396,a4166950-054f-4ddc-623e-3803c53030a6,TCI #1 2023 Masters,,SYN,Masters Synchronised Trampoline,Qualification,1,,8,TRUE,4,25600,0,99,0,,2,0,LUCAS,Lucy,ICE,01/01/0001,,1,25600,10,0,0,E8,100,,,,,,,,,,,,
397,a4166950-054f-4ddc-623e-3803c53030a6,TCI #1 2023 Masters,,SYN,Masters Synchronised Trampoline,Qualification,1,,8,TRUE,4,25600,0,99,0,,2,0,LUCAS,Lucy,ICE,01/01/0001,,1,25600,10,0,0,E∑,8000,40,30,40,40,45,20,45,40,40,50,10,0
398,a4166950-054f-4ddc-623e-3803c53030a6,TCI #1 2023 Masters,,SYN,Masters Synchronised Trampoline,Qualification,1,,8,TRUE,4,25600,0,99,0,,2,0,LUCAS,Lucy,ICE,01/01/0001,,1,25600,10,0,0,T,820,,,,,,,,,,,,
399,a4166950-054f-4ddc-623e-3803c53030a6,TCI #1 2023 Masters,,SYN,Masters Synchronised Trampoline,Qualification,1,,8,TRUE,4,25600,0,99,0,,2,0,LUCAS,Lucy,ICE,01/01/0001,,1,25600,10,0,0,D,12,0,,,,,,,,,,,
400,a4166950-054f-4ddc-623e-3803c53030a6,TCI #1 2023 Masters,,SYN,Masters Synchronised Trampoline,Qualification,1,,8,TRUE,4,25600,0,99,0,,2,0,LUCAS,Lucy,ICE,01/01/0001,,1,25600,10,0,0,H,0,0,0,,,,,,,,,,
